,equity
2010-01-04,100000.0
2010-01-05,100000.0
2010-01-06,100000.0
2010-01-07,100000.0
2010-01-08,100000.0
2010-01-11,100000.0
2010-01-12,100000.0
2010-01-13,100000.0
2010-01-14,100000.0
2010-01-15,100000.0
2010-01-19,100000.0
2010-01-20,100000.0
2010-01-21,100000.0
2010-01-22,100000.0
2010-01-25,100000.0
2010-01-26,100000.0
2010-01-27,100000.0
2010-01-28,100000.0
2010-01-29,100000.0
2010-02-01,100000.0
2010-02-02,100000.0
2010-02-03,100000.0
2010-02-04,100000.0
2010-02-05,100000.0
2010-02-08,100000.0
2010-02-09,100000.0
2010-02-10,100000.0
2010-02-11,100000.0
2010-02-12,100000.0
2010-02-16,100000.0
2010-02-17,100000.0
2010-02-18,100000.0
2010-02-19,100000.0
2010-02-22,100000.0
2010-02-23,100000.0
2010-02-24,100000.0
2010-02-25,100000.0
2010-02-26,100000.0
2010-03-01,100000.0
2010-03-02,100000.0
2010-03-03,100000.0
2010-03-04,100000.0
2010-03-05,100000.0
2010-03-08,100000.0
2010-03-09,100000.0
2010-03-10,100000.0
2010-03-11,100000.0
2010-03-12,100000.0
2010-03-15,100000.0
2010-03-16,100000.0
2010-03-17,100000.0
2010-03-18,100000.0
2010-03-19,100000.0
2010-03-22,100000.0
2010-03-23,100000.0
2010-03-24,100000.0
2010-03-25,100000.0
2010-03-26,100000.0
2010-03-29,100000.0
2010-03-30,100000.0
2010-03-31,100000.0
2010-04-01,100000.0
2010-04-05,100000.0
2010-04-06,100000.0
2010-04-07,100000.0
2010-04-08,100000.0
2010-04-09,100000.0
2010-04-12,100000.0
2010-04-13,100000.0
2010-04-14,100000.0
2010-04-15,100000.0
2010-04-16,100000.0
2010-04-19,100000.0
2010-04-20,100000.0
2010-04-21,100000.0
2010-04-22,100000.0
2010-04-23,100000.0
2010-04-26,100000.0
2010-04-27,100000.0
2010-04-28,100000.0
2010-04-29,100000.0
2010-04-30,100000.0
2010-05-03,100000.0
2010-05-04,100000.0
2010-05-05,100000.0
2010-05-06,100000.0
2010-05-07,100000.0
2010-05-10,100000.0
2010-05-11,100000.0
2010-05-12,100000.0
2010-05-13,100000.0
2010-05-14,100000.0
2010-05-17,100000.0
2010-05-18,100000.0
2010-05-19,100000.0
2010-05-20,100000.0
2010-05-21,100000.0
2010-05-24,100000.0
2010-05-25,100000.0
2010-05-26,100000.0
2010-05-27,100000.0
2010-05-28,100000.0
2010-06-01,100000.0
2010-06-02,100000.0
2010-06-03,100000.0
2010-06-04,100000.0
2010-06-07,100000.0
2010-06-08,100000.0
2010-06-09,100000.0
2010-06-10,100000.0
2010-06-11,100000.0
2010-06-14,100000.0
2010-06-15,100000.0
2010-06-16,100000.0
2010-06-17,100000.0
2010-06-18,100000.0
2010-06-21,100000.0
2010-06-22,100000.0
2010-06-23,100000.0
2010-06-24,100000.0
2010-06-25,100000.0
2010-06-28,100000.0
2010-06-29,100000.0
2010-06-30,100000.0
2010-07-01,100000.0
2010-07-02,100000.0
2010-07-06,100000.0
2010-07-07,100000.0
2010-07-08,100000.0
2010-07-09,100000.0
2010-07-12,100000.0
2010-07-13,100000.0
2010-07-14,100000.0
2010-07-15,100000.0
2010-07-16,100000.0
2010-07-19,100000.0
2010-07-20,100000.0
2010-07-21,100000.0
2010-07-22,100000.0
2010-07-23,100000.0
2010-07-26,100000.0
2010-07-27,100000.0
2010-07-28,100000.0
2010-07-29,100000.0
2010-07-30,100000.0
2010-08-02,100000.0
2010-08-03,100000.0
2010-08-04,100000.0
2010-08-05,100000.0
2010-08-06,100000.0
2010-08-09,100000.0
2010-08-10,100000.0
2010-08-11,100000.0
2010-08-12,100000.0
2010-08-13,100000.0
2010-08-16,100000.0
2010-08-17,100000.0
2010-08-18,100000.0
2010-08-19,100000.0
2010-08-20,100000.0
2010-08-23,100000.0
2010-08-24,100000.0
2010-08-25,100000.0
2010-08-26,100000.0
2010-08-27,100000.0
2010-08-30,100000.0
2010-08-31,100000.0
2010-09-01,100000.0
2010-09-02,100000.0
2010-09-03,100000.0
2010-09-07,100000.0
2010-09-08,100000.0
2010-09-09,100000.0
2010-09-10,100000.0
2010-09-13,100000.0
2010-09-14,100000.0
2010-09-15,100000.0
2010-09-16,100000.0
2010-09-17,100000.0
2010-09-20,100000.0
2010-09-21,100000.0
2010-09-22,100000.0
2010-09-23,100000.0
2010-09-24,100000.0
2010-09-27,100000.0
2010-09-28,100000.0
2010-09-29,100000.0
2010-09-30,100000.0
2010-10-01,100000.0
2010-10-04,100000.0
2010-10-05,100000.0
2010-10-06,100000.0
2010-10-07,100000.0
2010-10-08,100000.0
2010-10-11,100000.0
2010-10-12,100000.0
2010-10-13,100000.0
2010-10-14,100000.0
2010-10-15,100000.0
2010-10-18,100000.0
2010-10-19,100305.56650342664
2010-10-20,101124.51019896267
2010-10-21,101420.49494016325
2010-10-22,101337.43532118932
2010-10-25,101321.78268743368
2010-10-26,101293.02612186132
2010-10-27,101015.53736286733
2010-10-28,101135.90706770895
2010-10-29,101007.8400721259
2010-11-01,101508.26127914936
2010-11-02,102264.2384772539
2010-11-03,102741.40763255136
2010-11-04,103974.48699975188
2010-11-05,104164.47684157437
2010-11-08,104270.53876786634
2010-11-09,104385.59210353714
2010-11-10,104489.99826371796
2010-11-11,104492.36353766709
2010-11-12,103412.02895128797
2010-11-15,103030.82429356147
2010-11-16,101442.26271269929
2010-11-17,101791.98660660519
2010-11-18,102930.67568788028
2010-11-19,102912.28065682037
2010-11-22,102943.86214605173
2010-11-23,102077.64079836283
2010-11-24,103130.35742683192
2010-11-26,102854.83157957875
2010-11-29,103096.95452739621
2010-11-30,102976.28404088727
2010-12-01,104361.82436459545
2010-12-02,104218.92491035204
2010-12-03,103714.96937372106
2010-12-06,104118.2133520012
2010-12-07,103858.56249211551
2010-12-08,104183.38643117537
2010-12-09,104164.12747648968
2010-12-10,104363.60096387254
2010-12-13,103793.9404758719
2010-12-14,102669.47105208061
2010-12-15,102829.6382989378
2010-12-16,103486.72581676426
2010-12-17,103528.07651357522
2010-12-20,103526.81440919057
2010-12-21,104762.61310638263
2010-12-22,104799.2014682217
2010-12-23,104537.53271553152
2010-12-27,103721.05891535954
2010-12-28,103948.15463900148
2010-12-29,104039.78512112002
2010-12-30,103859.1602806098
2010-12-31,103478.26042057184
2011-01-03,104430.49781852266
2011-01-04,104633.28836975015
2011-01-05,106458.42107040294
2011-01-06,108405.94018876071
2011-01-07,109043.51387829386
2011-01-10,109945.31841873427
2011-01-11,109712.966095541
2011-01-12,112719.86970006641
2011-01-13,113020.51517940027
2011-01-14,113966.4489234571
2011-01-18,113467.72004591825
2011-01-19,112202.9184274295
2011-01-20,111361.05449695625
2011-01-21,111048.44843917004
2011-01-24,114008.26263997583
2011-01-25,113892.22605969921
2011-01-26,114817.50546591509
2011-01-27,115129.6679195287
2011-01-28,112719.46737726152
2011-01-31,113637.97828951148
2011-02-01,116077.96688225577
2011-02-02,116876.85241801222
2011-02-03,116495.58590780605
2011-02-04,117302.69366324182
2011-02-07,116890.70084445999
2011-02-08,116752.59764416973
2011-02-09,117305.78371080261
2011-02-10,116920.50781517732
2011-02-11,117673.50681938036
2011-02-14,118133.58042276217
2011-02-15,117085.78632697262
2011-02-16,118629.94795131031
2011-02-17,120597.27341609394
2011-02-18,120362.73602866683
2011-02-22,117097.12377290466
2011-02-23,116390.41192965658
2011-02-24,116121.24444180222
2011-02-25,116222.34025393435
2011-02-28,117276.38260688068
2011-03-01,116026.78049322788
2011-03-02,116242.97590082115
2011-03-03,117281.53868741401
2011-03-04,116959.95282564648
2011-03-07,116486.55563400728
2011-03-08,116412.41854507018
2011-03-09,116202.14770419868
2011-03-10,115234.09556807487
2011-03-11,115539.55948587903
2011-03-14,115100.83732196392
2011-03-15,115236.49755861453
2011-03-16,116142.09866820218
2011-03-17,115742.4129847553
2011-03-18,115361.64676669694
2011-03-21,114332.26366889225
2011-03-22,114460.03789423275
2011-03-23,114181.59358586106
2011-03-24,113947.81220266494
2011-03-25,114294.5988416011
2011-03-28,114529.21727948697
2011-03-29,113954.96014985323
2011-03-30,113726.09176791292
2011-03-31,114365.28789170632
2011-04-01,114416.9711858574
2011-04-04,114134.99237015666
2011-04-05,113664.75031499374
2011-04-06,112938.67712556089
2011-04-07,112943.99154645565
2011-04-08,112893.09989552993
2011-04-11,112780.2546733001
2011-04-12,112575.79521116207
2011-04-13,112783.70955060705
2011-04-14,113058.94795124463
2011-04-15,112993.1324183449
2011-04-18,112740.61226384847
2011-04-19,112753.67046585362
2011-04-20,113131.61034003308
2011-04-21,113065.15583908383
2011-04-25,112738.14121053088
2011-04-26,112299.57930910756
2011-04-27,112800.00794709241
2011-04-28,113370.36470826635
2011-04-29,112789.30102091108
2011-05-02,113315.02092605126
2011-05-03,113811.5652010755
2011-05-04,113413.09219590823
2011-05-05,112615.17439978433
2011-05-06,112809.7672462672
2011-05-09,113022.75785481054
2011-05-10,112966.84945023594
2011-05-11,113629.83662463936
2011-05-12,114594.73383636308
2011-05-13,114118.8433605796
2011-05-16,113548.6924760159
2011-05-17,113531.87132578413
2011-05-18,113926.56396153822
2011-05-19,114200.81931755942
2011-05-20,113957.16685477244
2011-05-23,113538.66940438547
2011-05-24,113365.91735328113
2011-05-25,113050.36046093884
2011-05-26,113014.8887934578
2011-05-27,113181.26731283695
2011-05-31,113429.4796979062
2011-06-01,112971.81017633699
2011-06-02,113065.63693968515
2011-06-03,113701.8237351766
2011-06-06,112777.59080313281
2011-06-07,113177.87925934796
2011-06-08,113111.01485516835
2011-06-09,113431.60526648058
2011-06-10,114093.2072483548
2011-06-13,114580.41718423436
2011-06-14,113872.31724799344
2011-06-15,113987.43204964821
2011-06-16,112842.62825567543
2011-06-17,113529.57717328778
2011-06-20,113124.87225067317
2011-06-21,112173.91130110197
2011-06-22,112603.7332850438
2011-06-23,111652.08808019786
2011-06-24,112987.89614353978
2011-06-27,112256.52603777264
2011-06-28,111824.82128789174
2011-06-29,110042.45685204981
2011-06-30,108541.81886120788
2011-07-01,108194.18101102057
2011-07-05,109932.24043545201
2011-07-06,110416.05463091923
2011-07-07,110086.88754512912
2011-07-08,110852.18180641638
2011-07-11,110013.57114714716
2011-07-12,109880.21962583267
2011-07-13,110926.03447944224
2011-07-14,109762.97637545038
2011-07-15,110981.09848312938
2011-07-18,110928.95372478517
2011-07-19,112320.62810672872
2011-07-20,111776.01210518535
2011-07-21,109875.87655049752
2011-07-22,111235.30690828511
2011-07-25,111539.43306185833
2011-07-26,110912.93254909042
2011-07-27,109986.65904410428
2011-07-28,110004.15716379537
2011-07-29,109126.6534046123
2011-08-01,109159.8855607285
2011-08-02,108255.10560505047
2011-08-03,107394.15759576595
2011-08-04,108576.32597351188
2011-08-05,109043.47093260643
2011-08-08,112867.95930668928
2011-08-09,110381.99878953652
2011-08-10,115394.3661482232
2011-08-11,111632.88091195853
2011-08-12,111036.62809936142
2011-08-15,109694.3837695721
2011-08-16,109303.49552463443
2011-08-17,108822.5239096992
2011-08-18,111123.4462656371
2011-08-19,112468.54620250648
2011-08-22,112279.65755909574
2011-08-23,110314.16369447872
2011-08-24,109298.60068428975
2011-08-25,110302.91882109403
2011-08-26,109538.87990449234
2011-08-29,107485.7077398431
2011-08-30,107556.26226974826
2011-08-31,106590.20953483571
2011-09-01,107597.99703607064
2011-09-02,109231.2382732125
2011-09-06,110811.08319750325
2011-09-07,108831.34734705096
2011-09-08,109952.30068731532
2011-09-09,111419.4623734189
2011-09-12,110784.81659065702
2011-09-13,110481.13850836254
2011-09-14,109111.06257494506
2011-09-15,107877.90046431296
2011-09-16,109218.98079428595
2011-09-19,111490.23461952596
2011-09-20,112251.06750172649
2011-09-21,112985.2722412429
2011-09-22,112698.93714816225
2011-09-23,113043.04471312481
2011-09-26,111709.8887627142
2011-09-27,110706.46168318692
2011-09-28,111451.735832876
2011-09-29,110555.69548945334
2011-09-30,110394.30442308365
2011-10-03,111295.2309278918
2011-10-04,109467.92419821412
2011-10-05,108411.9542479607
2011-10-06,107405.57215223604
2011-10-07,108199.8874987491
2011-10-10,106886.06529231834
2011-10-11,107556.71389674934
2011-10-12,105927.37250851607
2011-10-13,106509.78639191533
2011-10-14,106591.12691605452
2011-10-17,106338.52249432955
2011-10-18,106315.77883910772
2011-10-19,105245.01237392686
2011-10-20,105506.00783122724
2011-10-21,106271.11571037922
2011-10-24,106149.9043171992
2011-10-25,106390.54523823175
2011-10-26,106011.48730353078
2011-10-27,107012.41115129409
2011-10-28,106372.3141788273
2011-10-31,105171.77164195645
2011-11-01,103018.17876526243
2011-11-02,103677.1125792553
2011-11-03,105586.62964537987
2011-11-04,105006.64319112476
2011-11-07,105333.91904589522
2011-11-08,106396.0500088784
2011-11-09,104471.05789401017
2011-11-10,105386.91961094162
2011-11-11,107565.75501980388
2011-11-14,107464.4663954509
2011-11-15,108298.93976410961
2011-11-16,107639.65998550065
2011-11-17,105917.47531956344
2011-11-18,104844.9623127426
2011-11-21,103023.14012555366
2011-11-22,102689.41010960282
2011-11-23,101852.10559306374
2011-11-25,102176.35996987921
2011-11-28,102063.75356801813
2011-11-29,102846.03318649545
2011-11-30,103139.71674518679
2011-12-01,103110.78847255764
2011-12-02,103507.74793949365
2011-12-05,103584.00284990264
2011-12-06,103827.90415884479
2011-12-07,103762.71720880238
2011-12-08,102333.49489350218
2011-12-09,102768.86313556721
2011-12-12,102629.66887854757
2011-12-13,102761.21985817695
2011-12-14,102545.37597084092
2011-12-15,102607.06208781025
2011-12-16,103337.40362101575
2011-12-19,103464.65052220816
2011-12-20,104419.34449453866
2011-12-21,104796.08596683542
2011-12-22,104692.40139486748
2011-12-23,105762.21457892102
2011-12-27,105863.93203009714
2011-12-28,105253.52586279587
2011-12-29,106108.3611809976
2011-12-30,105903.0996963394
2012-01-03,106612.05564699032
2012-01-04,106652.93381948324
2012-01-05,106414.94476237026
2012-01-06,105467.92664074064
2012-01-09,104948.98367042276
2012-01-10,104950.72567217491
2012-01-11,104339.9077798882
2012-01-12,104612.79261640471
2012-01-13,104323.43626835333
2012-01-17,104907.2712194909
2012-01-18,105383.93555449863
2012-01-19,105411.48614246867
2012-01-20,104085.76256462446
2012-01-23,104200.14686734814
2012-01-24,104006.06179307427
2012-01-25,104083.29061558162
2012-01-26,103396.7138828806
2012-01-27,102722.09501119878
2012-01-30,102407.05751626847
2012-01-31,102201.66798987317
2012-02-01,102677.79824714884
2012-02-02,103078.56804282907
2012-02-03,104199.711783934
2012-02-06,104472.6078120993
2012-02-07,104818.17917824867
2012-02-08,105500.4202267226
2012-02-09,106223.34776426935
2012-02-10,106287.2469990497
2012-02-13,107219.66402986443
2012-02-14,107970.10998889797
2012-02-15,106888.24820811937
2012-02-16,107546.21985072177
2012-02-17,108263.7080688798
2012-02-21,108787.03206702195
2012-02-22,108684.39357211013
2012-02-23,109181.80913161501
2012-02-24,109412.80940608634
2012-02-27,109660.10270945121
2012-02-28,110555.19084634524
2012-02-29,110697.7688508844
2012-03-01,111115.66599383498
2012-03-02,110810.16163964667
2012-03-05,110009.99385299915
2012-03-06,108251.36794795978
2012-03-07,109181.58349616434
2012-03-08,110821.25761691155
2012-03-09,111552.46314672974
2012-03-12,111950.67999104898
2012-03-13,114392.15369770833
2012-03-14,115188.65628262956
2012-03-15,115546.14527890916
2012-03-16,115153.92939681165
2012-03-19,116665.39633224683
2012-03-20,116151.31623815009
2012-03-21,116493.37152677422
2012-03-22,116422.00520298099
2012-03-23,116656.24034367327
2012-03-26,118302.19950479316
2012-03-27,118614.99616592324
2012-03-28,118901.52393710408
2012-03-29,118689.89875636015
2012-03-30,118291.90544000511
2012-04-02,119475.98774988906
2012-04-03,119675.92877293864
2012-04-04,118319.94560372006
2012-04-05,119347.54656224871
2012-04-09,118500.11433371977
2012-04-10,116803.96277155634
2012-04-11,117275.13253049963
2012-04-12,118204.55338136823
2012-04-13,117248.78977077446
2012-04-16,115708.632446985
2012-04-17,116646.58579689026
2012-04-18,116778.29362732256
2012-04-19,116759.29441308981
2012-04-20,116639.09522924287
2012-04-23,115175.72015110224
2012-04-24,115725.86027813872
2012-04-25,116147.17227886333
2012-04-26,116457.92742327652
2012-04-27,116967.35303273714
2012-04-30,117552.23556313106
2012-05-01,117513.27723197569
2012-05-02,118016.34251855095
2012-05-03,118638.44759228121
2012-05-04,118532.76845295267
2012-05-07,118270.4883826098
2012-05-08,117931.0163825268
2012-05-09,117417.12739580158
2012-05-10,118305.63746026797
2012-05-11,117537.52347992748
2012-05-14,116598.14694882098
2012-05-15,116719.71896213063
2012-05-16,117279.19857609211
2012-05-17,117260.20314942853
2012-05-18,117544.63519649871
2012-05-21,117759.07720998017
2012-05-22,116852.71747275972
2012-05-23,116298.09156017048
2012-05-24,117563.17386845236
2012-05-25,117418.52085001122
2012-05-29,117106.49160556174
2012-05-30,117639.63183722744
2012-05-31,118654.54390557435
2012-06-01,119398.67241061245
2012-06-04,119531.46809826046
2012-06-05,119407.67078082413
2012-06-06,117104.59708605021
2012-06-07,117874.2355011644
2012-06-08,117061.59829383843
2012-06-11,117723.10900358748
2012-06-12,117153.38676162658
2012-06-13,117417.14286890035
2012-06-14,117839.49972698581
2012-06-15,116878.5653874104
2012-06-18,116179.60636077503
2012-06-19,115411.39517494792
2012-06-20,115616.88415022887
2012-06-21,115056.12680098855
2012-06-22,115187.20367878456
2012-06-25,114927.37499987471
2012-06-26,115339.54881941996
2012-06-27,115804.69903547161
2012-06-28,115899.09448026793
2012-06-29,116741.40736243977
2012-07-02,117082.61241227441
2012-07-03,116159.21361823891
2012-07-05,115594.85304927823
2012-07-06,115454.40261848921
2012-07-09,115345.46729257141
2012-07-10,115062.08849050349
2012-07-11,114754.28926953087
2012-07-12,114376.08548836184
2012-07-13,115655.83789424569
2012-07-16,114942.67434218503
2012-07-17,115568.89781715944
2012-07-18,115340.61740646018
2012-07-19,115295.59106087303
2012-07-20,114352.51806400674
2012-07-23,113331.41729104072
2012-07-24,112834.4405108363
2012-07-25,113364.55419186474
2012-07-26,115372.09209810404
2012-07-27,116159.14222078653
2012-07-30,116387.06651455378
2012-07-31,115804.18591832469
2012-08-01,115625.31809777363
2012-08-02,115030.1790653204
2012-08-03,115496.50263759558
2012-08-06,114564.59000113094
2012-08-07,113746.13466179887
2012-08-08,114223.63275427277
2012-08-09,113547.63073470013
2012-08-10,112979.03726884424
2012-08-13,112915.1422317357
2012-08-14,112849.16723469374
2012-08-15,112812.34207673301
2012-08-16,113277.25038728968
2012-08-17,113223.32528639583
2012-08-20,113075.054286121
2012-08-21,112342.6898710152
2012-08-22,112032.30144705014
2012-08-23,111778.0915042049
2012-08-24,112357.18432609156
2012-08-27,112314.72095732945
2012-08-28,112412.62863966814
2012-08-29,112478.04757275934
2012-08-30,111910.14229959394
2012-08-31,112352.98522748637
2012-09-04,112665.62487452553
2012-09-05,113046.63283212238
2012-09-06,114604.9777040054
2012-09-07,115317.8313996839
2012-09-10,114866.64227136594
2012-09-11,114296.9057892842
2012-09-12,114151.44785104213
2012-09-13,116378.30024992433
2012-09-14,116506.43398703041
2012-09-17,116218.42913377978
2012-09-18,116377.3404618244
2012-09-19,117381.55152425115
2012-09-20,116937.79204604577
2012-09-21,116764.59621340918
2012-09-24,117309.65430703509
2012-09-25,116740.55096042514
2012-09-26,115820.31208548948
2012-09-27,117290.24105131137
2012-09-28,116878.23555189461
2012-10-01,116780.06889578751
2012-10-02,116406.9857100393
2012-10-03,117389.3604926435
2012-10-04,118510.63210904112
2012-10-05,118191.69366411924
2012-10-08,117473.65725779145
2012-10-09,115763.64045481599
2012-10-10,115442.29918437425
2012-10-11,116085.05317851047
2012-10-12,115808.80773790657
2012-10-15,115965.4221589776
2012-10-16,116048.00074698086
2012-10-17,116388.85722289426
2012-10-18,115693.81317103264
2012-10-19,115503.61739975201
2012-10-22,115907.70944539644
2012-10-23,114326.0358956478
2012-10-24,114543.56196695955
2012-10-25,114528.22264110713
2012-10-26,114115.62398518484
2012-10-31,114066.28251887624
2012-11-01,113425.22909502129
2012-11-02,113262.26549186415
2012-11-05,112720.71019128407
2012-11-06,112508.76173411755
2012-11-07,112758.58128127566
2012-11-08,113454.88656238007
2012-11-09,113692.21407651203
2012-11-12,114566.51933218766
2012-11-13,115254.11009771448
2012-11-14,114159.00332975521
2012-11-15,114084.68386409074
2012-11-16,114564.05672897551
2012-11-19,113123.44717102843
2012-11-20,113610.06031938165
2012-11-21,112909.64076755977
2012-11-23,111969.35308677859
2012-11-26,111477.53146102207
2012-11-27,111600.79056616186
2012-11-28,111974.9555962286
2012-11-29,112433.41790484035
2012-11-30,113413.80296304062
2012-12-03,113611.19170676904
2012-12-04,112668.6947521252
2012-12-05,112564.13141498354
2012-12-06,112562.49222102777
2012-12-07,113142.6493681578
2012-12-10,112206.17109529243
2012-12-11,111890.17700446703
2012-12-12,112072.87255083112
2012-12-13,111244.6271080851
2012-12-14,112722.51548305315
2012-12-17,113492.03803745145
2012-12-18,113458.89418828621
2012-12-19,113084.63572055189
2012-12-20,113079.95807332093
2012-12-21,112462.4330204367
2012-12-24,112741.51320779478
2012-12-26,112214.64484796577
2012-12-27,111932.0336877338
2012-12-28,111424.86499870486
2012-12-31,113122.19978157176
2013-01-02,114040.1048631855
2013-01-03,113562.7612559675
2013-01-04,114284.41023667119
2013-01-07,114557.67362952346
2013-01-08,114659.77617167894
2013-01-09,115406.50808413219
2013-01-10,115781.98403229525
2013-01-11,115597.45259038963
2013-01-14,115699.15676390452
2013-01-15,115861.39632978849
2013-01-16,114804.45091757584
2013-01-17,114754.17140361137
2013-01-18,114808.52800799218
2013-01-22,114385.16573287462
2013-01-23,115122.09997481569
2013-01-24,119554.20851716949
2013-01-25,122956.756526021
2013-01-28,121365.64940865971
2013-01-29,121045.36642750482
2013-01-30,120900.01487691462
2013-01-31,120511.37291832975
2013-02-01,121526.57204468822
2013-02-04,121315.47633187975
2013-02-05,122926.34923107308
2013-02-06,123426.67222158253
2013-02-07,121961.98081891387
2013-02-08,122742.3912087472
2013-02-11,121715.87605830989
2013-02-12,122147.57160860814
2013-02-13,122438.16997410718
2013-02-14,122857.06241848925
2013-02-15,122603.06601213278
2013-02-19,124791.60426365814
2013-02-20,122687.62941987268
2013-02-21,121093.74500616631
2013-02-22,121090.54087544161
2013-02-25,119689.51283025171
2013-02-26,120427.0566309239
2013-02-27,122060.82373700544
2013-02-28,121970.2680807725
2013-03-01,122811.80384378447
2013-03-04,123179.65525135251
2013-03-05,124256.53664473613
2013-03-06,124422.04212984402
2013-03-07,124752.85733830367
2013-03-08,125356.16165719197
2013-03-11,125164.52724042835
2013-03-12,125143.19529786245
2013-03-13,126110.12575867158
2013-03-14,126169.99667275358
2013-03-15,124868.76097377494
2013-03-18,124471.593004701
2013-03-19,123581.15580616801
2013-03-20,125004.95845790149
2013-03-21,124254.72495256385
2013-03-22,125346.65673534357
2013-03-25,124823.87603629549
2013-03-26,126490.75563906891
2013-03-27,125817.27690443053
2013-03-28,126547.65666357934
2013-04-01,125954.4964234577
2013-04-02,126763.97384648664
2013-04-03,125038.21092649031
2013-04-04,126059.37681848404
2013-04-05,124736.3282443036
2013-04-08,125702.60989390593
2013-04-09,125625.97538668654
2013-04-10,126880.17150985992
2013-04-11,127902.01911741676
2013-04-12,128497.77133012994
2013-04-15,126672.58362305182
2013-04-16,129775.54726263476
2013-04-17,129875.57376239926
2013-04-18,129372.2030871598
2013-04-19,131078.56513366464
2013-04-22,131669.34488972116
2013-04-23,132127.09387713444
2013-04-24,131078.35946772812
2013-04-25,132029.45468109194
2013-04-26,131613.7408375252
2013-04-29,133022.88576004413
2013-04-30,132663.12981987483
2013-05-01,131493.7385377142
2013-05-02,132752.8931309151
2013-05-03,134248.37477818946
2013-05-06,135104.2544382417
2013-05-07,133879.4869696856
2013-05-08,133829.1803821909
2013-05-09,136966.73534817703
2013-05-10,139509.5159243746
2013-05-13,143153.67041743902
2013-05-14,143243.15282405788
2013-05-15,145641.59427150397
2013-05-16,146599.91135372978
2013-05-17,146825.7793474022
2013-05-20,145989.1857376105
2013-05-21,146045.6078453684
2013-05-22,145267.2029277293
2013-05-23,145746.5437598842
2013-05-24,146811.91166119534
2013-05-28,150654.16729339003
2013-05-29,147361.8301703532
2013-05-30,147672.60664394923
2013-05-31,145205.63310865764
2013-06-03,143889.63235259877
2013-06-04,143340.4742510057
2013-06-05,143340.69444031644
2013-06-06,144195.64146068448
2013-06-07,145914.46861224007
2013-06-10,144893.6900613748
2013-06-11,142645.77656985377
2013-06-12,142934.31466488936
2013-06-13,143143.75270627032
2013-06-14,143473.03245850184
2013-06-17,144151.0630860782
2013-06-18,144970.7905182019
2013-06-19,144422.33571827956
2013-06-20,142605.37063822415
2013-06-21,141398.17643271293
2013-06-24,142517.93286925537
2013-06-25,142516.06315367934
2013-06-26,143687.6059220287
2013-06-27,144028.40126703854
2013-06-28,143620.85795142667
2013-07-01,146731.05108337355
2013-07-02,147153.24408690052
2013-07-03,146298.0754199834
2013-07-05,147688.82131987158
2013-07-08,147851.54106484383
2013-07-09,147865.59129110823
2013-07-10,147657.9097459342
2013-07-11,150095.6800961164
2013-07-12,152036.94667326906
2013-07-15,151038.46603277256
2013-07-16,145546.50058217728
2013-07-17,148989.34325700963
2013-07-18,148750.5294247963
2013-07-19,148735.61647898355
2013-07-22,149534.455243407
2013-07-23,148743.4746840367
2013-07-24,147911.99781886453
2013-07-25,150001.33992804715
2013-07-26,151777.2884687446
2013-07-29,152092.19800779026
2013-07-30,151419.11810381818
2013-07-31,150168.9446288465
2013-08-01,151680.5933456337
2013-08-02,152657.60948296267
2013-08-05,154903.26145205545
2013-08-06,153701.0118480664
2013-08-07,151204.3894445191
2013-08-08,156424.84080054756
2013-08-09,156004.77441682984
2013-08-12,154663.73287748016
2013-08-13,153230.10233538394
2013-08-14,151362.64587857446
2013-08-15,149268.47067316508
2013-08-16,150346.821555607
2013-08-19,151720.91583216153
2013-08-20,152964.69768459903
2013-08-21,152938.99082275172
2013-08-22,155298.3995901597
2013-08-23,156983.6307066118
2013-08-26,158533.0849085883
2013-08-27,157837.7647557499
2013-08-28,157346.83509300838
2013-08-29,158357.72756644836
2013-08-30,158881.92116256728
2013-09-03,159419.16887194585
2013-09-04,159632.0125313304
2013-09-05,160042.097216486
2013-09-06,159932.82893988074
2013-09-09,158316.32603638718
2013-09-10,159010.42445123347
2013-09-11,156615.6200133948
2013-09-12,156787.54870412502
2013-09-13,156667.31154056368
2013-09-16,155415.19964413083
2013-09-17,156298.08389734832
2013-09-18,156818.11773097693
2013-09-19,160331.87022253728
2013-09-20,162957.2064957622
2013-09-23,161013.44008360725
2013-09-24,161848.40287172684
2013-09-25,163520.37410003468
2013-09-26,165729.5969827653
2013-09-27,166209.84885857961
2013-09-30,165941.1659552321
2013-10-01,167478.46207534234
2013-10-02,164277.5093633768
2013-10-03,160331.8909636999
2013-10-04,164301.59370874768
2013-10-07,163325.09525960562
2013-10-08,157026.61568872197
2013-10-09,154448.7767841126
2013-10-10,156349.6382929464
2013-10-11,157570.67445890364
2013-10-14,157780.15079412743
2013-10-15,159189.51677995943
2013-10-16,159625.96524465407
2013-10-17,159837.11829921455
2013-10-18,160861.89959804717
2013-10-21,157429.26675546542
2013-10-22,156483.9008783816
2013-10-23,153701.3901827051
2013-10-24,154969.95500483183
2013-10-25,156499.92966231014
2013-10-28,155445.63905768562
2013-10-29,155277.7928930018
2013-10-30,155063.37190434133
2013-10-31,155750.07567650912
2013-11-01,155114.00907054936
2013-11-04,154667.68248602477
2013-11-05,155328.26483620578
2013-11-06,154712.01876841823
2013-11-07,151363.99003964572
2013-11-08,153169.72884250156
2013-11-11,152733.79135085669
2013-11-12,151973.40283157796
2013-11-13,153574.72693401712
2013-11-14,155550.6343119125
2013-11-15,155600.26385478274
2013-11-18,154717.7282796285
2013-11-19,154501.93309195395
2013-11-20,154135.26380074842
2013-11-21,155620.97913225502
2013-11-22,156080.3704616569
2013-11-25,156947.97655236552
2013-11-26,158654.12633304615
2013-11-27,159667.61534778893
2013-11-29,160420.87008149753
2013-12-02,159947.7195262046
2013-12-03,159629.2794630102
2013-12-04,159717.15378399764
2013-12-05,159644.8299715565
2013-12-06,160792.06917270215
2013-12-09,161081.4799769336
2013-12-10,161545.23570406705
2013-12-11,159879.38817902922
2013-12-12,159049.5403759603
2013-12-13,159081.50259302967
2013-12-16,159791.11846856226
2013-12-17,159220.9834421395
2013-12-18,160631.9011997648
2013-12-19,160529.14953625068
2013-12-20,161383.90120863752
2013-12-23,162902.6465130138
2013-12-24,162739.5845443449
2013-12-26,163399.49212706127
2013-12-27,162597.8726166272
2013-12-30,162426.91804282882
2013-12-31,163888.98482888736
2014-01-02,163173.00079996046
2014-01-03,162332.49764899854
2014-01-06,162337.40712205597
2014-01-07,163147.97268839157
2014-01-08,163306.00333433494
2014-01-09,162016.22306064403
2014-01-10,161800.9043108513
2014-01-13,158999.44412610776
2014-01-14,161715.8656329459
2014-01-15,162798.13900678582
2014-01-16,162797.05554445187
2014-01-17,162177.4972310682
2014-01-21,163357.97357246155
2014-01-22,163351.2358013247
2014-01-23,162199.127356232
2014-01-24,157902.89301622752
2014-01-27,156392.73074500036
2014-01-28,158894.22941679033
2014-01-29,158922.992102343
2014-01-30,161434.5075679128
2014-01-31,162190.55178862225
2014-02-03,161052.42052266508
2014-02-04,162350.78050595062
2014-02-05,161406.2705587162
2014-02-06,161321.76595438903
2014-02-07,163141.00727354933
2014-02-10,163075.78470603976
2014-02-11,163318.82854697603
2014-02-12,164158.07710329225
2014-02-13,166695.7035522176
2014-02-14,166040.33699981213
2014-02-18,168780.1098077392
2014-02-19,167587.56017345726
2014-02-20,169475.42582730355
2014-02-21,169295.7986826737
2014-02-24,171124.07299422187
2014-02-25,172461.88770903175
2014-02-26,172461.07644447905
2014-02-27,174099.31966603652
2014-02-28,170767.63546867186
2014-03-03,170751.67698753308
2014-03-04,172185.1499385559
2014-03-05,173243.5898052645
2014-03-06,172555.64174488964
2014-03-07,170012.96217863314
2014-03-10,169369.11670745423
2014-03-11,167975.4648039798
2014-03-12,168756.83980929168
2014-03-13,167519.1112145456
2014-03-14,166453.63000442134
2014-03-17,167230.28161700923
2014-03-18,167789.57424769335
2014-03-19,166165.71605195635
2014-03-20,166647.22157496918
2014-03-21,165531.533015032
2014-03-24,165649.62097698922
2014-03-25,166221.14781073426
2014-03-26,164596.65558409275
2014-03-27,164151.05043707974
2014-03-28,165027.72679714407
2014-03-31,166222.02280812195
2014-04-01,166445.0791042239
2014-04-02,166418.78021798615
2014-04-03,166385.2407353549
2014-04-04,164561.86495314643
2014-04-07,164223.04747791137
2014-04-08,163835.11879049428
2014-04-09,164878.7756405766
2014-04-10,162397.91988894605
2014-04-11,162431.81830537683
2014-04-14,162683.42325986543
2014-04-15,163769.4612106457
2014-04-16,163128.45182303755
2014-04-17,162663.2985722067
2014-04-21,162662.15831459762
2014-04-22,161824.06628824698
2014-04-23,161951.40084503702
2014-04-24,161038.2186558128
2014-04-25,162917.4309836398
2014-04-28,164270.53861454342
2014-04-29,163763.55949793116
2014-04-30,163238.27979410614
2014-05-01,162058.05114718847
2014-05-02,161300.56847531375
2014-05-05,161192.709717319
2014-05-06,160822.59589252705
2014-05-07,160980.20788547667
2014-05-08,161055.94342006813
2014-05-09,160414.67223206675
2014-05-12,159429.38129069525
2014-05-13,159202.1947429033
2014-05-14,159456.79359617937
2014-05-15,161366.63668337234
2014-05-16,161841.43924414407
2014-05-19,161448.24696608668
2014-05-20,160668.930990069
2014-05-21,161195.5472973718
2014-05-22,160832.80806972602
2014-05-23,160732.31146206654
2014-05-27,160725.34019714457
2014-05-28,160722.5512048839
2014-05-29,160797.84909082888
2014-05-30,161263.87161060408
2014-06-02,161670.86339414987
2014-06-03,161636.28086880842
2014-06-04,161385.58812767972
2014-06-05,161849.9342893254
2014-06-06,161971.98765617004
2014-06-09,162497.2479082513
2014-06-10,163414.33174514904
2014-06-11,162821.0740081487
2014-06-12,161447.6013660189
2014-06-13,161163.65676968388
2014-06-16,161281.84298474953
2014-06-17,161106.86854046473
2014-06-18,162187.7127940648
2014-06-19,162322.02246319747
2014-06-20,161985.4494887086
2014-06-23,161026.00714399552
2014-06-24,159621.69168111155
2014-06-25,160788.98859652886
2014-06-26,160775.27619215296
2014-06-27,161268.77762324217
2014-06-30,161947.08014217584
2014-07-01,162792.84212861082
2014-07-02,162488.2216805118
2014-07-03,162854.86100490965
2014-07-07,163467.1288137703
2014-07-08,162189.90010890027
2014-07-09,162818.10938638903
2014-07-10,162732.88821025146
2014-07-11,162564.19886771074
2014-07-14,163441.01720662188
2014-07-15,162372.93912943688
2014-07-16,162374.4531044215
2014-07-17,160358.0811872532
2014-07-18,161839.80756149295
2014-07-21,161599.5951680597
2014-07-22,162038.44998991073
2014-07-23,163162.2404982199
2014-07-24,163829.00447926557
2014-07-25,161366.38410479415
2014-07-28,161583.8453206532
2014-07-29,160138.38564219046
2014-07-30,159868.5976955856
2014-07-31,157201.80434513267
2014-08-01,155719.60166192587
2014-08-04,155932.03554935486
2014-08-05,155639.6523050651
2014-08-06,154184.04357660172
2014-08-07,154966.74792456557
2014-08-08,154673.19998426564
2014-08-11,155928.5871852216
2014-08-12,155720.35862645318
2014-08-13,156320.1524877932
2014-08-14,156716.11784888996
2014-08-15,156193.72927823596
2014-08-18,156947.47791291188
2014-08-19,159212.68238651115
2014-08-20,159888.5315679599
2014-08-21,160077.23633037313
2014-08-22,160488.60562246697
2014-08-25,161037.52031513734
2014-08-26,161199.20444612994
2014-08-27,161555.2845247729
2014-08-28,161157.7635066686
2014-08-29,162424.03362565825
2014-09-02,164032.9132366585
2014-09-03,161014.42256279997
2014-09-04,161161.54416822066
2014-09-05,162444.13327268494
2014-09-08,162471.09442397387
2014-09-09,160465.47434345356
2014-09-10,162368.35854623286
2014-09-11,162932.47603160527
2014-09-12,161875.51269670058
2014-09-15,159022.18620576052
2014-09-16,158836.8352447602
2014-09-17,159415.08959795174
2014-09-18,160230.1039660992
2014-09-19,160483.41410647263
2014-09-22,159382.21356727128
2014-09-23,159354.34285607646
2014-09-24,160277.73618911466
2014-09-25,157679.42339252157
2014-09-26,159144.7296676513
2014-09-29,158713.00211794194
2014-09-30,158257.51471210894
2014-10-01,156515.64042644596
2014-10-02,156562.32560377978
2014-10-03,157024.84413096515
2014-10-06,156632.02264433677
2014-10-07,156262.0391093145
2014-10-08,157561.730517527
2014-10-09,158004.0901161133
2014-10-10,158167.5097485764
2014-10-13,157306.6908060199
2014-10-14,156549.92927241538
2014-10-15,154959.76769327052
2014-10-16,154808.5250021526
2014-10-17,152401.8824933432
2014-10-20,152132.4227359119
2014-10-21,149433.9965663837
2014-10-22,150161.83029944464
2014-10-23,149121.8636480939
2014-10-24,148443.18020066607
2014-10-27,148341.95578708142
2014-10-28,147438.63029919763
2014-10-29,145943.0959280048
2014-10-30,145671.28612541562
2014-10-31,146631.46844799144
2014-11-03,146472.41668088624
2014-11-04,146988.35599364174
2014-11-05,147730.98420742835
2014-11-06,148584.69759911142
2014-11-07,149140.07760350345
2014-11-10,148936.75847792317
2014-11-11,148715.75013915694
2014-11-12,149327.92471778273
2014-11-13,149273.42756246252
2014-11-14,149197.9404898649
2014-11-17,148717.14780384977
2014-11-18,148495.52385605246
2014-11-19,148388.42478690995
2014-11-20,148381.99900269025
2014-11-21,148697.04643382953
2014-11-24,149287.5233689598
2014-11-25,149431.63750431014
2014-11-26,150154.9386549206
2014-11-28,151479.6875389663
2014-12-01,150237.67287764588
2014-12-02,150845.41735401208
2014-12-03,151231.98098754292
2014-12-04,151178.84184714506
2014-12-05,151132.70715405745
2014-12-08,150547.90201574427
2014-12-09,151030.69647267653
2014-12-10,149209.94211333853
2014-12-11,149936.243589297
2014-12-12,148238.40563118612
2014-12-15,147051.6522700924
2014-12-16,145563.9994007764
2014-12-17,147931.42468577472
2014-12-18,150616.39385391443
2014-12-19,150727.53936330738
2014-12-22,152150.08907213397
2014-12-23,152564.45064601666
2014-12-24,152876.64723504477
2014-12-26,152964.76286514977
2014-12-29,152741.01081555174
2014-12-30,152052.20330617361
2014-12-31,150849.54560785994
2015-01-02,150350.84506336652
2015-01-05,148230.42625087412
2015-01-06,147485.76905129256
2015-01-07,149291.2500551579
2015-01-08,150912.48741680142
2015-01-09,149990.73499787823
2015-01-12,149978.5516009061
2015-01-13,150042.83555528734
2015-01-14,148866.69966868585
2015-01-15,147786.88453670725
2015-01-16,148958.89122845867
2015-01-20,149201.91076234414
2015-01-21,148620.86452697258
2015-01-22,149227.3470340914
2015-01-23,148966.53848916574
2015-01-26,148766.8225000726
2015-01-27,147129.2458493755
2015-01-28,147963.78386323084
2015-01-29,147896.24125835835
2015-01-30,148706.00737786706
2015-02-02,148372.18297411193
2015-02-03,148623.39016377387
2015-02-04,149074.44081089582
2015-02-05,148957.2389979492
2015-02-06,148825.05966217935
2015-02-09,148829.80203517433
2015-02-10,149491.80174802052
2015-02-11,149638.40894188188
2015-02-12,150426.58906354156
2015-02-13,150333.56487610837
2015-02-17,150093.24309935296
2015-02-18,150492.8317672059
2015-02-19,150187.0394926427
2015-02-20,150869.50406320885
2015-02-23,151038.6109842361
2015-02-24,152088.71269027604
2015-02-25,151672.12685023324
2015-02-26,151211.69812424507
2015-02-27,150123.69721837787
2015-03-02,151584.97243736312
2015-03-03,151768.68266285572
2015-03-04,150849.7666797181
2015-03-05,150780.84146022474
2015-03-06,149537.11994966678
2015-03-09,149706.87715632244
2015-03-10,147660.18858995166
2015-03-11,147156.51618476713
2015-03-12,149050.6426208306
2015-03-13,148837.85395609456
2015-03-16,149520.27547356108
2015-03-17,149207.90610376958
2015-03-18,148830.59744209488
2015-03-19,149284.0069480788
2015-03-20,149809.90153788833
2015-03-23,148560.61341130149
2015-03-24,148030.77626990457
2015-03-25,146088.43505151555
2015-03-26,145976.21898801532
2015-03-27,146434.96785541985
2015-03-30,146273.01585593412
2015-03-31,145728.43961753338
2015-04-01,145601.07448330682
2015-04-02,145913.5237774152
2015-04-06,145162.8453352648
2015-04-07,145197.70939041645
2015-04-08,145589.50478336448
2015-04-09,145529.76773581386
2015-04-10,145566.89807618497
2015-04-13,145844.58268066566
2015-04-14,146227.25904733126
2015-04-15,146405.4308958678
2015-04-16,146317.4743941284
2015-04-17,145851.508270766
2015-04-20,145404.3425233765
2015-04-21,144490.98408945795
2015-04-22,144285.80359867678
2015-04-23,144848.90086846706
2015-04-24,148572.05966328367
2015-04-27,148482.65205694427
2015-04-28,147948.68288800606
2015-04-29,148511.8113862736
2015-04-30,147292.11128435476
2015-05-01,147798.48055961294
2015-05-04,148366.6603723674
2015-05-05,148518.51889260966
2015-05-06,147757.83775712785
2015-05-07,148523.0287957701
2015-05-08,149755.06716666324
2015-05-11,149751.03157689708
2015-05-12,149763.90295106158
2015-05-13,149172.2553344101
2015-05-14,149789.15318084124
2015-05-15,150216.99289886266
2015-05-18,150677.80423736395
2015-05-19,150630.23886332073
2015-05-20,150387.9567999964
2015-05-21,151167.43921188457
2015-05-22,150892.08389108127
2015-05-26,149970.3579665628
2015-05-27,151373.42880196692
2015-05-28,151174.63203543684
2015-05-29,150988.55048660538
2015-06-01,151283.5706014277
2015-06-02,151152.06540511362
2015-06-03,151931.5436271617
2015-06-04,151032.73561670203
2015-06-05,151745.28791612995
2015-06-08,151288.29042098377
2015-06-09,151664.32751517778
2015-06-10,152888.5911603107
2015-06-11,153034.96751634526
2015-06-12,152513.23533364455
2015-06-15,151745.66300173444
2015-06-16,152379.32918472277
2015-06-17,152446.9555224236
2015-06-18,153418.25037663136
2015-06-19,152846.26293897565
2015-06-22,153644.81220185274
2015-06-23,155463.10925751342
2015-06-24,154680.4904637356
2015-06-25,154396.5116699848
2015-06-26,153912.37946284402
2015-06-29,152487.90480272513
2015-06-30,154053.77588066782
2015-07-01,154136.13808876363
2015-07-02,154723.44760300024
2015-07-06,154923.47062244092
2015-07-07,153334.8361037408
2015-07-08,151796.752329858
2015-07-09,153092.46654843813
2015-07-10,153620.26052957168
2015-07-13,155541.78337180073
2015-07-14,155772.22287186133
2015-07-15,155109.39170889044
2015-07-16,160200.6180869791
2015-07-17,162312.68145864637
2015-07-20,163695.46736416925
2015-07-21,163030.0044761853
2015-07-22,162890.90391954256
2015-07-23,161283.18005427238
2015-07-24,164825.2072702365
2015-07-27,162664.8229152097
2015-07-28,162377.18288192368
2015-07-29,163239.82864598493
2015-07-30,164190.20945612635
2015-07-31,164449.5299665263
2015-08-03,163988.81057132452
2015-08-04,166370.7755389561
2015-08-05,165052.84680504556
2015-08-06,164536.91520559788
2015-08-07,162997.72755102982
2015-08-10,161872.8952291825
2015-08-11,163198.9916602553
2015-08-12,162196.91297197275
2015-08-13,162809.5463868354
2015-08-14,163079.72170574026
2015-08-17,163398.38422216306
2015-08-18,163588.1080888074
2015-08-19,163004.83915826931
2015-08-20,158809.97714477935
2015-08-21,159279.29746732197
2015-08-24,162185.22570514807
2015-08-25,162928.41475067218
2015-08-26,156243.85842456587
2015-08-27,151842.98469100826
2015-08-28,151466.08376229284
2015-08-31,152214.55872089165
2015-09-01,157869.92662881996
2015-09-02,154087.26910822056
2015-09-03,153841.86307495032
2015-09-04,156283.5580701822
2015-09-08,152082.6837881095
2015-09-09,153651.07876306283
2015-09-10,152925.7622776555
2015-09-11,152205.17906704976
2015-09-14,152225.47661731055
2015-09-15,150943.24318320394
2015-09-16,149434.1534108092
2015-09-17,149965.01651009097
2015-09-18,150158.7213897679
2015-09-21,149172.09173504292
2015-09-22,150040.5402115742
2015-09-23,149956.02030762125
2015-09-24,149161.16810707038
2015-09-25,148581.46196133245
2015-09-28,149353.20458295377
2015-09-29,150016.1351183874
2015-09-30,149209.56441718733
2015-10-01,148585.7885854228
2015-10-02,148856.22014548854
2015-10-05,149214.06873017977
2015-10-06,149158.07489553533
2015-10-07,149619.69339551765
2015-10-08,150053.89152042824
2015-10-09,149523.73130633318
2015-10-12,149987.9837324998
2015-10-13,149909.16083565744
2015-10-14,150753.89797648546
2015-10-15,151093.8001328347
2015-10-16,152099.83289250548
2015-10-19,151798.98353798702
2015-10-20,150660.70049830055
2015-10-21,149598.25694497122
2015-10-22,151803.70641056323
2015-10-23,152917.78663968414
2015-10-26,152765.4076568367
2015-10-27,152650.52028001435
2015-10-28,153671.02367057806
2015-10-29,152927.7408604933
2015-10-30,152847.1163433513
2015-11-02,153646.75885569386
2015-11-03,153159.47216396133
2015-11-04,153154.01598967463
2015-11-05,153603.3973994547
2015-11-06,156481.3253682804
2015-11-09,154662.75797589085
2015-11-10,154410.78522696564
2015-11-11,154673.7888658949
2015-11-12,153528.18310300726
2015-11-13,151101.48695018762
2015-11-16,152187.03522963278
2015-11-17,151997.41779394494
2015-11-18,154225.1593717854
2015-11-19,154444.9065444077
2015-11-20,156017.66711031206
2015-11-23,156462.74523341452
2015-11-24,156452.25909659936
2015-11-25,156883.8102342279
2015-11-27,157367.22385992884
2015-11-30,156557.84944464616
2015-12-01,158878.46614147653
2015-12-02,158296.8923265946
2015-12-03,156201.24451593374
2015-12-04,160096.03382661016
2015-12-07,157825.6942226145
2015-12-08,158582.2177729359
2015-12-09,155989.19105701536
2015-12-10,156003.34437912967
2015-12-11,154536.14260804898
2015-12-14,156140.2881761239
2015-12-15,156240.97083964705
2015-12-16,158248.70218031263
2015-12-17,156538.95485041977
2015-12-18,154091.01188757754
2015-12-21,154727.12288343452
2015-12-22,155624.7897267905
2015-12-23,156656.92094058087
2015-12-24,156556.13770298116
2015-12-28,156445.12242988
2015-12-29,158200.59740158927
2015-12-30,157654.2900580117
2015-12-31,156023.2186377424
2016-01-04,151723.32268623193
2016-01-05,152746.75156609254
2016-01-06,153012.76516759142
2016-01-07,153705.80126464806
2016-01-08,155069.49371148148
2016-01-11,154287.87257840755
2016-01-12,152805.43291853197
2016-01-13,155848.67473621966
2016-01-14,153319.67044379993
2016-01-15,157154.74817859396
2016-01-19,156673.68317777594
2016-01-20,159628.95969432252
2016-01-21,159444.65199956414
2016-01-22,155386.26836376183
2016-01-25,157679.71540180282
2016-01-26,156333.50853543912
2016-01-27,159667.3818682036
2016-01-28,159774.96854753667
2016-01-29,155990.91017525145
2016-02-01,156591.91763115948
2016-02-02,160980.68978502683
2016-02-03,159861.21517062205
2016-02-04,157696.22803418618
2016-02-05,163311.25584806947
2016-02-08,166338.95385665202
2016-02-09,165316.99308599188
2016-02-10,165680.14640142262
2016-02-11,163902.72597094483
2016-02-12,160513.58945499253
2016-02-16,157558.54246153866
2016-02-17,152944.63917941527
2016-02-18,155152.69899589123
2016-02-19,154953.34566370008
2016-02-22,151581.2312575283
2016-02-23,153815.25179286848
2016-02-24,153244.7633185442
2016-02-25,149571.1701613896
2016-02-26,148759.91849728167
2016-02-29,148656.23266800048
2016-03-01,147330.6858689615
2016-03-02,147390.31497603137
2016-03-03,146709.8565645062
2016-03-04,146641.7488370775
2016-03-07,147171.2359574265
2016-03-08,146582.0593647226
2016-03-09,146927.91951977045
2016-03-10,146686.22786881574
2016-03-11,147252.3785578719
2016-03-14,147018.60713973915
2016-03-15,147127.58730580626
2016-03-16,147097.40010156183
2016-03-17,148418.22105339772
2016-03-18,148794.70477397117
2016-03-21,148593.60340009452
2016-03-22,148491.0694837002
2016-03-23,148368.8021518331
2016-03-24,148575.82640124543
2016-03-28,148613.1719387193
2016-03-29,149616.51071493878
2016-03-30,149876.0761873672
2016-03-31,149188.519195338
2016-04-01,150218.57195589956
2016-04-04,149792.52568431405
2016-04-05,148970.30773615025
2016-04-06,150574.8367330132
2016-04-07,149173.82399091538
2016-04-08,149383.90155538134
2016-04-11,148857.60347751115
2016-04-12,148959.33562824546
2016-04-13,149151.57185247858
2016-04-14,149206.01670860776
2016-04-15,149757.31358180023
2016-04-18,149956.01299654084
2016-04-19,148688.62009115977
2016-04-20,147887.36298774314
2016-04-21,147462.81705956731
2016-04-22,147677.60589889353
2016-04-25,147541.17974807566
2016-04-26,147786.07080497683
2016-04-27,147937.15704168833
2016-04-28,146624.36425515538
2016-04-29,145779.57972274008
2016-05-02,147075.61535769294
2016-05-03,144883.23847766835
2016-05-04,144057.84317472935
2016-05-05,143756.19611057892
2016-05-06,144261.91384212507
2016-05-09,144569.05621046823
2016-05-10,146143.1525591705
2016-05-11,145605.36925012016
2016-05-12,145862.92830767768
2016-05-13,144766.63782984304
2016-05-16,146580.86844230155
2016-05-17,145221.19896537103
2016-05-18,146567.40803405136
2016-05-19,146021.35239673284
2016-05-20,146602.6651232655
2016-05-23,146500.62574560085
2016-05-24,148104.13759650907
2016-05-25,149092.8711906556
2016-05-26,149006.35681444433
2016-05-27,149425.37795373728
2016-05-31,149680.9812231971
2016-06-01,149781.47688234373
2016-06-02,150479.1625001915
2016-06-03,149477.24056261615
2016-06-06,150248.3104316364
2016-06-07,150532.04497756524
2016-06-08,150722.71194429646
2016-06-09,151228.0288038327
2016-06-10,149621.4794274561
2016-06-13,149573.8997627087
2016-06-14,149208.41393279424
2016-06-15,149264.46877553733
2016-06-16,149436.9090460909
2016-06-17,147932.0852973398
2016-06-20,149157.08802388672
2016-06-21,149199.91015112566
2016-06-22,148707.90002729587
2016-06-23,150497.28581627583
2016-06-24,146460.941217616
2016-06-27,145839.70741739633
2016-06-28,146424.1458027879
2016-06-29,146296.02744255128
2016-06-30,146971.88581700396
2016-07-01,145935.39628846495
2016-07-05,146521.65103117094
2016-07-06,146463.35370398068
2016-07-07,145790.48427116184
2016-07-08,146627.01705437558
2016-07-11,147125.7671731969
2016-07-12,147486.0155637256
2016-07-13,147315.05636906487
2016-07-14,147548.87871920245
2016-07-15,147098.8827269003
2016-07-18,147178.80390961614
2016-07-19,148166.9434874955
2016-07-20,148466.76320889304
2016-07-21,147954.3907363181
2016-07-22,148754.79028721174
2016-07-25,148539.72851923783
2016-07-26,148511.87449899816
2016-07-27,147768.13249782522
2016-07-28,148379.86508093541
2016-07-29,149335.0979742983
2016-08-01,149952.24616806672
2016-08-02,149074.31525117415
2016-08-03,148222.59497847414
2016-08-04,149335.99084002973
2016-08-05,150140.26090449933
2016-08-08,150241.83037515776
2016-08-09,150348.85121215277
2016-08-10,150251.5211024938
2016-08-11,151132.83669439857
2016-08-12,152552.01959077155
2016-08-15,151897.54666582975
2016-08-16,151183.017168117
2016-08-17,150922.41400868644
2016-08-18,151348.84966462798
2016-08-19,151089.1958775489
2016-08-22,151017.65589996523
2016-08-23,151688.53463179985
2016-08-24,150614.50242966335
2016-08-25,150693.31585296444
2016-08-26,151240.3131117302
2016-08-29,151891.67405460862
2016-08-30,150938.28517637905
2016-08-31,150884.92286179532
2016-09-01,152254.46287782062
2016-09-02,152374.93688421661
2016-09-06,154140.0596377666
2016-09-07,153804.09033158605
2016-09-08,152899.76211377466
2016-09-09,148770.95818689378
2016-09-12,149145.09312106372
2016-09-13,148311.17770934667
2016-09-14,148152.98390665342
2016-09-15,148673.2810799365
2016-09-16,149429.19439857255
2016-09-19,149442.47806952044
2016-09-20,149557.05600788217
2016-09-21,150229.38261921762
2016-09-22,150421.5599723274
2016-09-23,151208.34267344803
2016-09-26,151032.57300244298
2016-09-27,152261.82479016192
2016-09-28,152466.29255493835
2016-09-29,152114.7340849972
2016-09-30,152374.89984342997
2016-10-03,152929.10368886017
2016-10-04,151870.20544835195
2016-10-05,154092.41979654244
2016-10-06,152928.10949243943
2016-10-07,152953.8819478943
2016-10-10,151879.69231492755
2016-10-11,150962.7449021814
2016-10-12,151345.6987455918
2016-10-13,150321.7842492739
2016-10-14,150015.7935268387
2016-10-17,149777.01835460274
2016-10-18,149929.70901224483
2016-10-19,150279.72342274265
2016-10-20,149894.4554854769
2016-10-21,150307.13923991163
2016-10-24,151284.44940926263
2016-10-25,151621.5502309195
2016-10-26,150824.5856355897
2016-10-27,150214.40379256842
2016-10-28,148918.35957708745
2016-10-31,148629.53094176904
2016-11-01,148409.39261679834
2016-11-02,147618.795937136
2016-11-03,147665.80398000294
2016-11-04,147218.4032995406
2016-11-07,146688.87099558947
2016-11-08,146514.64549757077
2016-11-09,147541.99411802302
2016-11-10,147871.54444929367
2016-11-11,147385.66007198184
2016-11-14,148617.71374042242
2016-11-15,148493.73473222466
2016-11-16,148964.40352606133
2016-11-17,149066.6720844194
2016-11-18,149663.83004621728
2016-11-21,149579.5247827141
2016-11-22,149169.8273142085
2016-11-23,149743.31135942135
2016-11-25,148955.11990399196
2016-11-28,148371.63908851956
2016-11-29,149354.36540982494
2016-11-30,150713.1669249933
2016-12-01,151719.71881731309
2016-12-02,151729.39946192573
2016-12-05,152106.87869841888
2016-12-06,153182.94294418246
2016-12-07,152253.31137168047
2016-12-08,152608.4103419822
2016-12-09,151725.47578758048
2016-12-12,150924.62492270835
2016-12-13,151140.05872850597
2016-12-14,151894.8674234285
2016-12-15,153096.71344658855
2016-12-16,152519.42941074932
2016-12-19,153585.92084669223
2016-12-20,155018.37427476756
2016-12-21,155383.73551486086
2016-12-22,155168.12268269685
2016-12-23,155518.8562888052
2016-12-27,157261.41504604375
2016-12-28,154827.30321978967
2016-12-29,154490.65007429649
2016-12-30,153237.50453813493
2017-01-03,154254.49647887045
2017-01-04,156547.395960957
2017-01-05,155706.74943361612
2017-01-06,156417.8568122282
2017-01-09,157322.35136587344
2017-01-10,157427.24830997968
2017-01-11,157776.45878100887
2017-01-12,156232.05966909853
2017-01-13,157939.9219123408
2017-01-17,156141.70706991048
2017-01-18,156835.07103525335
2017-01-19,157930.69659393615
2017-01-20,158067.35746396688
2017-01-23,158869.09327732655
2017-01-24,160332.98858938494
2017-01-25,160722.58930749726
2017-01-26,161023.832510345
2017-01-27,162250.72641158514
2017-01-30,162004.59576961029
2017-01-31,161547.12370636125
2017-02-01,164210.33441392943
2017-02-02,164060.96534389706
2017-02-03,164308.06724089157
2017-02-06,165237.69481329134
2017-02-07,166141.91627405715
2017-02-08,166979.6222964931
2017-02-09,167732.38838850003
2017-02-10,167481.68346551893
2017-02-13,167807.16152989227
2017-02-14,168559.0956135526
2017-02-15,168966.88950644838
2017-02-16,167644.6262527369
2017-02-17,168199.32160026635
2017-02-21,170053.50056437845
2017-02-22,170052.41406292527
2017-02-23,166923.66144314685
2017-02-24,167567.3801850081
2017-02-27,166625.7451482072
2017-02-28,166252.06577079665
2017-03-01,167992.90259829556
2017-03-02,167437.6358745758
2017-03-03,167633.72211998433
2017-03-06,167100.2256082131
2017-03-07,167162.71298231292
2017-03-08,167049.90238033413
2017-03-09,167001.8500156193
2017-03-10,167327.90558141272
2017-03-13,167495.33116028848
2017-03-14,167629.2536592331
2017-03-15,168183.24597039743
2017-03-16,168364.65680810757
2017-03-17,168393.5844837304
2017-03-20,168696.29756360594
2017-03-21,167329.69295277094
2017-03-22,168226.06471223978
2017-03-23,168148.63165674818
2017-03-24,168099.0212754456
2017-03-27,167729.08353899978
2017-03-28,168766.8111188311
2017-03-29,168753.4756073312
2017-03-30,168797.9708285748
2017-03-31,168664.8466167039
2017-04-03,168571.9580989362
2017-04-04,169296.73055497985
2017-04-05,168473.92858529143
2017-04-06,168694.55903205957
2017-04-07,168739.7057523512
2017-04-10,169745.4797703586
2017-04-11,169167.87258877093
2017-04-12,168518.08665001296
2017-04-13,168375.40735829857
2017-04-17,168974.11065432863
2017-04-18,169452.25797187164
2017-04-19,169173.90220113168
2017-04-20,169605.43529734868
2017-04-21,169621.99406083493
2017-04-24,170377.04403258377
2017-04-25,171285.8197283955
2017-04-26,169947.9506848419
2017-04-27,169909.1649620076
2017-04-28,170404.4260325448
2017-05-01,171968.27560701902
2017-05-02,171922.70286788547
2017-05-03,170245.85351545815
2017-05-04,169042.59585855395
2017-05-05,169939.19960915917
2017-05-08,171187.99322028214
2017-05-09,171374.85247971464
2017-05-10,171441.08766879927
2017-05-11,173163.93744472784
2017-05-12,174569.93537625292
2017-05-15,176177.18989585195
2017-05-16,176733.52543138876
2017-05-17,172155.26305230707
2017-05-18,173601.00387651796
2017-05-19,174693.16726045735
2017-05-22,176883.8144481607
2017-05-23,176666.65321101245
2017-05-24,178158.0407478262
2017-05-25,179638.22902500068
2017-05-26,179757.03353264043
2017-05-30,180473.53071727432
2017-05-31,179556.60473999663
2017-06-01,179958.8880285835
2017-06-02,181363.9823671362
2017-06-05,182030.761096159
2017-06-06,181791.44086535968
2017-06-07,182237.05297595763
2017-06-08,183405.5527914786
2017-06-09,174983.07805042568
2017-06-12,174665.1582061032
2017-06-13,176552.4550481747
2017-06-14,177102.1255153058
2017-06-15,176727.21106335896
2017-06-16,176827.18444202904
2017-06-19,178335.3451287704
2017-06-20,178813.2733603617
2017-06-21,180209.38728865414
2017-06-22,180451.76849231427
2017-06-23,180399.8160340549
2017-06-26,179739.15350162043
2017-06-27,176555.1860380138
2017-06-28,178228.67046034968
2017-06-29,175336.02726247822
2017-06-30,174996.56236972177
2017-07-03,173312.00048931522
2017-07-05,174050.6221024199
2017-07-06,173330.76956481783
2017-07-07,173886.27018784804
2017-07-10,173662.47383841593
2017-07-11,173317.6582901766
2017-07-12,173957.79132317528
2017-07-13,174048.65588441904
2017-07-14,174164.2516303517
2017-07-17,173732.43539449398
2017-07-18,174922.78321050588
2017-07-19,175841.0298653046
2017-07-20,176101.08436400408
2017-07-21,177003.2527606199
2017-07-24,177680.80503966162
2017-07-25,177507.11948923703
2017-07-26,178221.78634394112
2017-07-27,176936.0981436591
2017-07-28,177413.4365562033
2017-07-31,176721.82531850142
2017-08-01,178046.74503595894
2017-08-02,177886.4598429648
2017-08-03,177242.55688159473
2017-08-04,178109.38706943102
2017-08-07,179274.92004763562
2017-08-08,178385.4060275608
2017-08-09,178025.49884598822
2017-08-10,174454.98725741875
2017-08-11,174340.80446704762
2017-08-14,175941.97567564802
2017-08-15,176356.54478142704
2017-08-16,175981.18913987683
2017-08-17,172840.87655499563
2017-08-18,172935.81835879284
2017-08-21,173502.23782635905
2017-08-22,175432.49593999638
2017-08-23,174696.06272927567
2017-08-24,174287.69567279328
2017-08-25,174306.5100120532
2017-08-28,175076.0677597958
2017-08-29,175017.96535391296
2017-08-30,175447.75735465757
2017-08-31,175852.15344990313
2017-09-01,176050.64784327644
2017-09-05,175195.54646150908
2017-09-06,174968.88689267013
2017-09-07,176051.36426865798
2017-09-08,175304.2677977974
2017-09-11,177353.54596471938
2017-09-12,176794.33197904474
2017-09-13,175928.38852786768
2017-09-14,175316.76278238668
2017-09-15,175310.46297686352
2017-09-18,175875.68379986277
2017-09-19,175589.0339015578
2017-09-20,173394.18531184978
2017-09-21,172971.57275075343
2017-09-22,172229.18129054274
2017-09-25,170358.58103252045
2017-09-26,170370.72268795857
2017-09-27,170425.68874656892
2017-09-28,170754.0001876447
2017-09-29,171391.46788817254
2017-10-02,171536.33881944796
2017-10-03,171988.7895966441
2017-10-04,171802.67132924404
2017-10-05,172561.5776414037
2017-10-06,173165.89258694925
2017-10-09,173237.09469978767
2017-10-10,172885.053200628
2017-10-11,173476.28147961182
2017-10-12,172921.8789446152
2017-10-13,173755.27985464383
2017-10-16,174211.30327751237
2017-10-17,173479.99038850117
2017-10-18,172966.91034893744
2017-10-19,172789.21325771982
2017-10-20,173567.33557441822
2017-10-23,173782.21968397076
2017-10-24,175146.09365049165
2017-10-25,174847.12273188567
2017-10-26,175565.5984886118
2017-10-27,176274.07538390488
2017-10-30,175346.0525331573
2017-10-31,175214.9634408764
2017-11-01,176418.8398728428
2017-11-02,174798.99785731646
2017-11-03,175142.85685502566
2017-11-06,175777.5214891008
2017-11-07,175242.82934680354
2017-11-08,175371.00868285252
2017-11-09,174257.56547664411
2017-11-10,173830.00030363895
2017-11-13,173243.8441888809
2017-11-14,173310.03894831004
2017-11-15,171661.69747308944
2017-11-16,174852.0804934818
2017-11-17,174477.35899514746
2017-11-20,175330.86986442943
2017-11-21,177316.32860022155
2017-11-22,175942.87755436578
2017-11-24,177101.35546163682
2017-11-27,177183.94314623257
2017-11-28,177875.496920962
2017-11-29,172649.65424128762
2017-11-30,173367.36251756945
2017-12-01,173711.72465479348
2017-12-04,174163.04599909487
2017-12-05,172626.89913861844
2017-12-06,172161.57129651646
2017-12-07,171677.11986303207
2017-12-08,172060.63380556472
2017-12-11,173267.79412428767
2017-12-12,173322.83004829992
2017-12-13,173986.68693460623
2017-12-14,174563.5148764802
2017-12-15,175530.26552611517
2017-12-18,175824.42475025804
2017-12-19,176298.94547943573
2017-12-20,176457.1744774732
2017-12-21,176127.1853060508
2017-12-22,175971.44665983188
2017-12-26,176245.9995431917
2017-12-27,176263.87105918385
2017-12-28,176270.9699757613
2017-12-29,176010.17457946698
2018-01-02,177109.27766927722
2018-01-03,177680.857988887
2018-01-04,178156.56027932288
2018-01-05,179565.7086346012
2018-01-08,179449.7341711974
2018-01-09,179050.90539615555
2018-01-10,179104.20401322257
2018-01-11,180988.18867150843
2018-01-12,184286.5100374077
2018-01-16,182894.00401531125
2018-01-17,184937.2825454689
2018-01-18,184558.67169555952
2018-01-19,185114.90617603058
2018-01-22,187583.83378296526
2018-01-23,191223.65958192415
2018-01-24,192536.42657136987
2018-01-25,193121.16074744734
2018-01-26,196044.8113060366
2018-01-29,196364.13457433495
2018-01-30,193686.1703134655
2018-01-31,191727.87578980532
2018-02-01,189560.17631481274
2018-02-02,188183.6835756171
2018-02-05,182738.9769574455
2018-02-06,180343.37354743612
2018-02-07,181778.32430169464
2018-02-08,182973.82164559234
2018-02-09,181756.048921451
2018-02-12,180414.79923984752
2018-02-13,180498.64868377615
2018-02-14,181833.67209932118
2018-02-15,182657.2415094757
2018-02-16,182019.4840614109
2018-02-20,183243.64359394013
2018-02-21,184192.33473620893
2018-02-22,182973.3146719139
2018-02-23,183300.54356241226
2018-02-26,184097.04331187773
2018-02-27,184156.28791616202
2018-02-28,186135.744042659
2018-03-01,185804.46817183358
2018-03-02,186949.6939073229
2018-03-05,188295.48632599667
2018-03-06,190078.66037641634
2018-03-07,191101.86304433216
2018-03-08,189629.31158410577
2018-03-09,192197.07857643484
2018-03-12,191236.91621370832
2018-03-13,190357.65435749083
2018-03-14,191711.26194415908
2018-03-15,191392.41634744787
2018-03-16,191137.5214752305
2018-03-19,189736.63561970688
2018-03-20,192213.0685616427
2018-03-21,191723.1662406143
2018-03-22,189255.85533463088
2018-03-23,187324.50007962144
2018-03-26,192035.28752852406
2018-03-27,187048.4002048229
2018-03-28,183884.67250541216
2018-03-29,182197.03890264782
2018-04-02,184279.68491053893
2018-04-03,182742.3004729524
2018-04-04,182893.45813260798
2018-04-05,181138.84032318488
2018-04-06,180927.9724454502
2018-04-09,181028.0330039502
2018-04-10,180763.36668079934
2018-04-11,180537.37384161944
2018-04-12,181465.18054409223
2018-04-13,180766.13383764733
2018-04-16,180938.85960822992
2018-04-17,181146.57121153828
2018-04-18,181423.12566181688
2018-04-19,181789.05581550958
2018-04-20,182939.42818274687
2018-04-23,182891.54989700436
2018-04-24,182738.54641228876
2018-04-25,182402.07491293453
2018-04-26,180447.43943294726
2018-04-27,181140.4460118293
2018-04-30,181743.56310603177
2018-05-01,182644.38096253225
2018-05-02,183021.5902768905
2018-05-03,183472.2440935354
2018-05-04,182938.31280536248
2018-05-07,184442.0020387846
2018-05-08,186141.02943378544
2018-05-09,187339.77109014415
2018-05-10,187115.2432519301
2018-05-11,186930.7224683113
2018-05-14,186995.23098094974
2018-05-15,187219.38624794924
2018-05-16,186929.67099452467
2018-05-17,186576.76624594902
2018-05-18,186758.90023565106
2018-05-21,186490.79444145062
2018-05-22,186390.62824962757
2018-05-23,187211.75072026328
2018-05-24,187304.98651447546
2018-05-25,186384.3976433682
2018-05-29,185883.3182039254
2018-05-30,187677.25348088355
2018-05-31,188038.7759437387
2018-06-01,188841.00888349992
2018-06-04,189087.79094137286
2018-06-05,189325.1358788707
2018-06-06,190186.21822097502
2018-06-07,188091.90410824382
2018-06-08,188975.94660884072
2018-06-11,189364.90034075594
2018-06-12,189833.9651744041
2018-06-13,190853.7506767957
2018-06-14,193029.85921180315
2018-06-15,191481.73389294997
2018-06-18,192912.75594992202
2018-06-19,192629.66712223223
2018-06-20,194204.10310501946
2018-06-21,193343.71665123053
2018-06-22,192956.6716123762
2018-06-25,188240.70882142446
2018-06-26,190390.52279028797
2018-06-27,190072.2165144746
2018-06-28,190326.4627567373
2018-06-29,190394.05059472914
2018-07-02,190611.00792773376
2018-07-03,189491.3838574121
2018-07-05,190625.3444837475
2018-07-06,192141.77985570813
2018-07-09,192618.44723661998
2018-07-10,192990.5064181903
2018-07-11,192994.7497961492
2018-07-12,194144.2030473498
2018-07-13,193223.75136623144
2018-07-16,191921.45084857725
2018-07-17,189490.87358365487
2018-07-18,189806.46530857775
2018-07-19,188803.0244278687
2018-07-20,188955.998774991
2018-07-23,189413.7726465789
2018-07-24,191689.18550429493
2018-07-25,194095.22538766812
2018-07-26,187224.37891998765
2018-07-27,183648.48606192783
2018-07-30,180783.6903528764
2018-07-31,180773.53855717523
2018-08-01,183567.77740012313
2018-08-02,184209.75995336444
2018-08-03,184490.64421104384
2018-08-06,183852.89729448291
2018-08-07,184161.02984236547
2018-08-08,184250.05275381444
2018-08-09,184053.56301636563
2018-08-10,183819.1178329141
2018-08-13,183988.96528693644
2018-08-14,183914.2781856908
2018-08-15,183169.3889469878
2018-08-16,184692.6401232995
2018-08-17,185501.11682596378
2018-08-20,185971.741873383
2018-08-21,185125.3988201156
2018-08-22,185190.8232979637
2018-08-23,185692.0888927021
2018-08-24,186787.45470223873
2018-08-27,187626.4119552922
2018-08-28,187586.58713192976
2018-08-29,189354.13977938704
2018-08-30,189238.93490373547
2018-08-31,189263.64816453785
2018-09-04,189242.56036013868
2018-09-05,187742.8807905385
2018-09-06,187360.4859795246
2018-09-07,187588.1510153396
2018-09-10,186059.3172583014
2018-09-11,188023.0566545662
2018-09-12,187546.38250497362
2018-09-13,188634.86740904333
2018-09-14,187649.06374674063
2018-09-17,186329.32651713694
2018-09-18,187827.0351452738
2018-09-19,186975.09223513905
2018-09-20,187742.3762442991
2018-09-21,188239.88499739952
2018-09-24,186903.7814055497
2018-09-25,186675.51736108412
2018-09-26,185539.87898497537
2018-09-27,186081.6778597223
2018-09-28,186748.51416997134
2018-10-01,187911.46292279227
2018-10-02,188029.2748666269
2018-10-03,187782.47236708365
2018-10-04,186085.8383056988
2018-10-05,184926.74525227604
2018-10-08,183824.57384457183
2018-10-09,184025.31123620947
2018-10-10,182483.46465545357
2018-10-11,181632.70912871847
2018-10-12,181618.07749868766
2018-10-15,183137.78749412508
2018-10-16,178759.5989208582
2018-10-17,179968.95887699115
2018-10-18,183185.80016581822
2018-10-19,183253.233749102
2018-10-22,183263.9826828289
2018-10-23,183002.3589966052
2018-10-24,186419.45431520807
2018-10-25,181301.75147158635
2018-10-26,185721.0959963635
2018-10-29,189814.19318747084
2018-10-30,187652.5418779848
2018-10-31,183743.59395332102
2018-11-01,181141.11657067432
2018-11-02,182651.58162700554
2018-11-05,183522.79706076777
2018-11-06,183318.48514599906
2018-11-07,178906.87631831257
2018-11-08,180266.7511494079
2018-11-09,182680.29552517622
2018-11-12,186584.2186156311
2018-11-13,186252.84237008897
2018-11-14,186620.7935252024
2018-11-15,185851.1361493689
2018-11-16,189908.0709894455
2018-11-19,196126.4826003946
2018-11-20,195791.44229216242
2018-11-21,194198.60436021004
2018-11-23,195392.93945764969
2018-11-26,192590.0052218506
2018-11-27,192316.57887337718
2018-11-28,187513.8266875594
2018-11-29,187170.25855073813
2018-11-30,186831.701298739
2018-12-03,183622.22801669504
2018-12-04,188394.63445798948
2018-12-06,187559.09353096405
2018-12-07,190681.27097804908
2018-12-10,190094.5978098018
2018-12-11,191410.26437121912
2018-12-12,189604.89645671163
2018-12-13,190058.69660786103
2018-12-14,191758.47618663468
2018-12-17,192493.61004423985
2018-12-18,191576.16285043332
2018-12-19,194940.97366309108
2018-12-20,197262.35515687725
2018-12-21,202189.57337612944
2018-12-24,208207.85764010643
2018-12-26,197572.05489252938
2018-12-27,196568.97358210315
2018-12-28,196389.9061460145
2018-12-31,193810.90398069622
2019-01-02,192809.76102363277
2019-01-03,198436.46219384542
2019-01-04,190697.97642215912
2019-01-07,188623.65736966417
2019-01-08,186933.55370265545
2019-01-09,186330.00280563315
2019-01-10,186115.73422901193
2019-01-11,186307.6024006206
2019-01-14,186944.30525239016
2019-01-15,185637.71478222558
2019-01-16,185694.08959934357
2019-01-17,185307.45097090822
2019-01-18,184061.2217596415
2019-01-22,183918.98219209193
2019-01-23,183676.15026081796
2019-01-24,183829.90207090173
2019-01-25,183548.25884552876
2019-01-28,183283.1961927649
2019-01-29,182612.75216694403
2019-01-30,182351.81222214396
2019-01-31,182284.89066015338
2019-02-01,182960.3687486351
2019-02-04,183635.4289608454
2019-02-05,183672.74329848133
2019-02-06,182750.60991909265
2019-02-07,181825.61495327463
2019-02-08,182306.2625808217
2019-02-11,182520.68853295245
2019-02-12,184317.56761230965
2019-02-13,183594.0692529789
2019-02-14,183701.95029954694
2019-02-15,183954.1048051371
2019-02-19,184892.44667511212
2019-02-20,184276.2894108583
2019-02-21,184467.23398329492
2019-02-22,185390.83396220766
2019-02-25,184641.44622594523
2019-02-26,185038.24351568444
2019-02-27,183438.32053154736
2019-02-28,183299.30501305833
2019-03-01,184860.05535097228
2019-03-04,182966.72400061908
2019-03-05,183582.07565512086
2019-03-06,183513.63120250258
2019-03-07,182336.18969409744
2019-03-08,181105.7046730293
2019-03-11,183052.79608450885
2019-03-12,184027.13197625085
2019-03-13,184712.93798217582
2019-03-14,185015.63549987067
2019-03-15,186596.38139140062
2019-03-18,186643.17996377667
2019-03-19,186730.3428203035
2019-03-20,187374.37442243728
2019-03-21,188904.59282435745
2019-03-22,185446.7087025902
2019-03-25,185560.03470927005
2019-03-26,185897.3500310396
2019-03-27,183959.2882267182
2019-03-28,184223.92526605845
2019-03-29,185333.83904479316
2019-04-01,186706.45894011884
2019-04-02,187379.02633956698
2019-04-03,187607.2250313272
2019-04-04,187335.79352117146
2019-04-05,187192.59622219834
2019-04-08,187907.88647461132
2019-04-09,187270.81317333475
2019-04-10,188246.67172444088
2019-04-11,188106.5306789228
2019-04-12,188746.50684884185
2019-04-15,189383.7383424847
2019-04-16,190289.68830531352
2019-04-17,190157.60611015957
2019-04-18,190189.03221313993
2019-04-22,190936.29205547107
2019-04-23,191597.45616613995
2019-04-24,191225.83538889946
2019-04-25,190753.72927241877
2019-04-26,192874.28965762374
2019-04-29,193171.88081104093
2019-04-30,191422.24417085145
2019-05-01,189250.84261094942
2019-05-02,187946.32193187752
2019-05-03,189980.8143258623
2019-05-06,189451.7267099346
2019-05-07,187269.15819663845
2019-05-08,187428.78748721705
2019-05-09,185866.75358500294
2019-05-10,185606.59115539183
2019-05-13,184291.92340775428
2019-05-14,183934.72355753058
2019-05-15,184318.90412869648
2019-05-16,185236.32797393517
2019-05-17,186051.62285563367
2019-05-20,185939.57888408733
2019-05-21,185182.25948299494
2019-05-22,187124.660633054
2019-05-23,187094.53138537568
2019-05-24,187045.4353458696
2019-05-28,186258.0585358848
2019-05-29,186060.23862803835
2019-05-30,186927.4673486963
2019-05-31,188235.03133404243
2019-06-03,191242.77415433712
2019-06-04,187253.21860030858
2019-06-05,188671.8118066939
2019-06-06,187627.1427823672
2019-06-07,186781.86968398758
2019-06-10,185370.68673770188
2019-06-11,184799.64266071445
2019-06-12,186433.92848585537
2019-06-13,185150.94923858473
2019-06-14,185844.52594898
2019-06-17,184317.45286236584
2019-06-18,182543.30795364804
2019-06-19,183341.92012067122
2019-06-20,182863.0019421073
2019-06-21,182202.06662188392
2019-06-24,183021.5974030838
2019-06-25,181396.64382436365
2019-06-26,180867.06911800758
2019-06-27,181207.16602978946
2019-06-28,180837.41341779774
2019-07-01,182117.64070515148
2019-07-02,182506.15604223247
2019-07-03,183268.81390491402
2019-07-05,182778.00010482446
2019-07-08,182733.4780956389
2019-07-09,181484.99241387474
2019-07-10,182322.84476276336
2019-07-11,183454.75373255365
2019-07-12,184720.67081630402
2019-07-15,184909.1029460827
2019-07-16,184061.62322053596
2019-07-17,183941.44353795343
2019-07-18,183806.62824454287
2019-07-19,182708.12470066934
2019-07-22,182986.70701716573
2019-07-23,185356.2003376221
2019-07-24,185390.60010178603
2019-07-25,184776.13899838112
2019-07-26,187006.63475327037
2019-07-29,187039.15982365725
2019-07-30,187661.2419099905
2019-07-31,183943.43181692396
2019-08-01,183376.10699280197
2019-08-02,183093.33046061953
2019-08-05,179938.707092779
2019-08-06,180435.16825777607
2019-08-07,181768.48158252056
2019-08-08,181522.34883285407
2019-08-09,182297.27522326415
2019-08-12,181952.73525281512
2019-08-13,182046.6187947531
2019-08-14,183423.90195529454
2019-08-15,185017.06419515528
2019-08-16,184810.14482142043
2019-08-19,183719.48621292037
2019-08-20,183733.94141974818
2019-08-21,183342.89718533587
2019-08-22,184096.99018871092
2019-08-23,184544.2912013449
2019-08-26,185374.97240676306
2019-08-27,186554.075347229
2019-08-28,187351.5315413548
2019-08-29,187178.91550337704
2019-08-30,187298.93583570834
2019-09-03,187644.56094317965
2019-09-04,187954.76820962725
2019-09-05,186823.4424027273
2019-09-06,187040.993810039
2019-09-09,186157.0541264221
2019-09-10,185432.97057699948
2019-09-11,185743.76074874794
2019-09-12,186431.43645215104
2019-09-13,184988.35421532893
2019-09-16,183710.6414330785
2019-09-17,184361.43854168995
2019-09-18,185234.53278722952
2019-09-19,185327.81754696782
2019-09-20,184773.23198617427
2019-09-23,185991.53248495917
2019-09-24,186766.17499323603
2019-09-25,186511.50578038098
2019-09-26,187627.57137483772
2019-09-27,187531.32800036832
2019-09-30,188051.11918500415
2019-10-01,188591.9561328127
2019-10-02,185795.41395020223
2019-10-03,184561.13617625515
2019-10-04,185086.97742016605
2019-10-07,184627.3089731122
2019-10-08,185278.96092750176
2019-10-09,185350.41678984504
2019-10-10,185201.305241729
2019-10-11,184508.70594605454
2019-10-14,184375.2505992003
2019-10-15,183152.55966022157
2019-10-16,183233.60159864108
2019-10-17,182852.43513801048
2019-10-18,180882.57546723614
2019-10-21,182135.33785415057
2019-10-22,182915.88912475595
2019-10-23,183504.89215992077
2019-10-24,186408.9189723242
2019-10-25,189515.0850767765
2019-10-28,190018.72534217252
2019-10-29,187683.00967192338
2019-10-30,187120.35360621905
2019-10-31,187166.46445682723
2019-11-01,188878.64098352042
2019-11-04,190485.4959800782
2019-11-05,190187.95326642485
2019-11-06,190601.69515355412
2019-11-07,191918.56896544035
2019-11-08,192779.2603713063
2019-11-11,193238.23772294464
2019-11-12,193692.5194991146
2019-11-13,193493.38594101957
2019-11-14,194206.0149644814
2019-11-15,195662.82039624784
2019-11-18,196502.2886270007
2019-11-19,196399.53995088043
2019-11-20,195186.09844313603
2019-11-21,195104.2202154444
2019-11-22,193699.5953664629
2019-11-25,196542.70093398678
2019-11-26,195780.9569482185
2019-11-27,196702.96526367037
2019-11-29,195827.7498114695
2019-12-02,194011.20423028458
2019-12-03,192231.4730674373
2019-12-04,193839.97838674902
2019-12-05,194604.24443093696
2019-12-06,196997.62989887263
2019-12-09,196599.66013869378
2019-12-10,197413.88943822272
2019-12-11,198075.22731335534
2019-12-12,200175.599258845
2019-12-13,200513.3736193674
2019-12-16,203527.50660002642
2019-12-17,203270.37766149078
2019-12-18,203962.2519911342
2019-12-19,205034.17042334404
2019-12-20,205299.77449259174
2019-12-23,206812.16572386658
2019-12-24,207176.3368762859
2019-12-26,209545.44746029415
2019-12-27,209358.35317692262
2019-12-30,207579.81616463518
2019-12-31,208331.89365077333
2020-01-02,212066.6607166169
2020-01-03,211372.98260992032
2020-01-06,213419.15394918987
2020-01-07,213386.42426090743
2020-01-08,216808.3573063917
2020-01-09,217958.96545669663
2020-01-10,217548.86262973555
2020-01-13,222762.49234592688
2020-01-14,222978.71514419722
2020-01-15,221410.9540979495
2020-01-16,222771.53880892976
2020-01-17,224370.31775177922
2020-01-21,226206.2221124816
2020-01-22,227714.69048961654
2020-01-23,228391.15328189265
2020-01-24,226679.15593568335
2020-01-27,223131.85561594862
2020-01-28,225849.5992968349
2020-01-29,228511.1233228972
2020-01-30,235165.05758660886
2020-01-31,232344.79997482168
2020-02-03,243857.02558675612
2020-02-04,253133.35938578483
2020-02-05,242866.06973595015
2020-02-06,246258.3980206512
2020-02-07,245936.3821687162
2020-02-10,250246.78980359348
2020-02-11,249077.22628534635
2020-02-12,249752.9845088562
2020-02-13,251756.05351916433
2020-02-14,252321.71154062008
2020-02-18,255746.15319779236
2020-02-19,260936.81238431696
2020-02-20,258275.81006787953
2020-02-21,255338.04803857906
2020-02-24,243596.19298569224
2020-02-25,243144.80005798864
2020-02-26,244208.25031060923
2020-02-27,238428.11534655315
2020-02-28,228039.96259979543
2020-03-02,219528.70781335788
2020-03-03,227137.481995634
2020-03-04,221075.8169300063
2020-03-05,227850.42694898735
2020-03-06,231142.57774193675
2020-03-09,244851.37132010405
2020-03-10,234852.97007473625
2020-03-11,246507.6326680666
2020-03-12,268394.99120595487
2020-03-13,247443.65098309092
2020-03-16,278306.70035151544
2020-03-17,268677.5948571984
2020-03-18,279405.6241478451
2020-03-19,271952.5250390256
2020-03-20,281260.1860666437
2020-03-23,283910.2992623913
2020-03-24,262540.3344634438
2020-03-25,262066.55982449325
2020-03-26,249575.39351531098
2020-03-27,261848.09424089777
2020-03-30,254498.3190813874
2020-03-31,258637.57736985132
2020-04-01,267856.72486301477
2020-04-02,262220.24426752876
2020-04-03,267705.9201239889
2020-04-06,252660.03739415653
2020-04-07,251763.86365531525
2020-04-08,245770.41733587728
2020-04-09,239867.1262182705
2020-04-13,240914.5821599785
2020-04-14,238863.3814456593
2020-04-15,241023.37041759267
2020-04-16,243061.34716566422
2020-04-17,241132.8961859349
2020-04-20,242609.43140025227
2020-04-21,242220.13391412032
2020-04-22,241315.5297078726
2020-04-23,241947.26262474657
2020-04-24,241753.21093729627
2020-04-27,240594.9967193025
2020-04-28,238831.0727442401
2020-04-29,238663.87088866532
2020-04-30,240048.94843308243
2020-05-01,237592.4623489277
2020-05-04,238450.1865217264
2020-05-05,238506.04521249086
2020-05-06,239054.92651496545
2020-05-07,239252.0336313335
2020-05-08,239503.41568180453
2020-05-11,240086.50523056823
2020-05-12,237523.4240311655
2020-05-13,237484.44875076073
2020-05-14,238276.9872584422
2020-05-15,240436.2384468864
2020-05-18,241382.04952545918
2020-05-19,241158.18332244904
2020-05-20,243406.8681820031
2020-05-21,241613.06968812883
2020-05-22,242617.18843048147
2020-05-26,240064.12423579843
2020-05-27,240340.0480192217
2020-05-28,239267.67047007233
2020-05-29,243259.79210529086
2020-06-01,243677.04972192252
2020-06-02,244905.16301818343
2020-06-03,244334.1343457846
2020-06-04,241739.8977105546
2020-06-05,246035.63427129027
2020-06-08,248445.2258348185
2020-06-09,251259.0198111329
2020-06-10,255163.18097030633
2020-06-11,242969.1207921048
2020-06-12,245147.51409105628
2020-06-15,247856.9488745228
2020-06-16,251844.55207890298
2020-06-17,253409.41748223777
2020-06-18,253893.1948443476
2020-06-19,254251.0591056934
2020-06-22,257842.90368338546
2020-06-23,259434.39362576997
2020-06-24,254099.90079623892
2020-06-25,256908.80343379127
2020-06-26,250504.2957357801
2020-06-29,252099.94670511043
2020-06-30,257334.67747171642
2020-07-01,260650.02203049348
2020-07-02,262701.1595192671
2020-07-06,270541.70154705737
2020-07-07,268886.2935537435
2020-07-08,272759.1326602543
2020-07-09,276189.6043728204
2020-07-10,281393.8952268142
2020-07-13,274541.3383699538
2020-07-14,276646.5197982885
2020-07-15,276243.99765542033
2020-07-16,273485.2509881258
2020-07-17,272672.849607797
2020-07-20,282504.0359674763
2020-07-21,278142.51087170775
2020-07-22,279192.7831136046
2020-07-23,271533.3535521714
2020-07-24,269462.2076223699
2020-07-27,275725.26859558094
2020-07-28,271304.9959335832
2020-07-29,273913.36616083165
2020-07-30,274896.11558404507
2020-07-31,279949.16130956344
2020-08-03,284711.297901804
2020-08-04,286217.470213991
2020-08-05,286761.0382558233
2020-08-06,290773.74144722236
2020-08-07,286113.7164466487
2020-08-10,284836.5952623623
2020-08-11,278926.53757403535
2020-08-12,285135.2165746456
2020-08-13,284138.2714459161
2020-08-14,283702.0580686997
2020-08-17,287363.305070664
2020-08-18,290056.8674429888
2020-08-19,288584.55001214496
2020-08-20,291605.90811069147
2020-08-21,295182.62610654475
2020-08-24,297219.580164234
2020-08-25,298502.45375467394
2020-08-26,303622.01274150045
2020-08-27,301446.9638698343
2020-08-28,303363.8754775636
2020-08-31,305157.2998086877
2020-09-01,310076.5780776217
2020-09-02,312414.3480647175
2020-09-03,298795.25744495884
2020-09-04,295124.55597290274
2020-09-08,285012.0712978851
2020-09-09,292148.47711885645
2020-09-10,289069.6703932572
2020-09-11,287104.528255814
2020-09-14,289665.5356038654
2020-09-15,290804.1092287048
2020-09-16,286860.82003699837
2020-09-17,286609.2174727707
2020-09-18,285876.3355279138
2020-09-21,286827.6514705074
2020-09-22,287632.6727948633
2020-09-23,288161.46515403606
2020-09-24,289063.4566365859
2020-09-25,289566.25116192806
2020-09-28,288877.11045499373
2020-09-29,290215.9558515067
2020-09-30,290631.8317293459
2020-10-01,291985.0815521511
2020-10-02,291232.3898056066
2020-10-05,291725.61312363937
2020-10-06,292230.21003415604
2020-10-07,292034.2586197253
2020-10-08,290004.58705299906
2020-10-09,290208.73032169254
2020-10-12,291419.5001358986
2020-10-13,292112.7821140885
2020-10-14,291685.5168912146
2020-10-15,291003.1795179321
2020-10-16,291005.0955933762
2020-10-19,290484.098724623
2020-10-20,290904.7852719589
2020-10-21,291486.7875998311
2020-10-22,289485.59307127306
2020-10-23,290970.07954004407
2020-10-26,291029.34592584264
2020-10-27,293098.6362895898
2020-10-28,292925.8044075029
2020-10-29,289555.14409055264
2020-10-30,290523.4178880646
2020-11-02,288473.2170119216
2020-11-03,286394.3043873455
2020-11-04,284036.414503473
2020-11-05,282522.44982304977
2020-11-06,281645.5833993688
2020-11-09,275853.1863204414
2020-11-10,276358.47761302366
2020-11-11,274338.33160287305
2020-11-12,273426.6246763661
2020-11-13,273170.64440360613
2020-11-16,275761.4499395504
2020-11-17,275280.25851919944
2020-11-18,272587.4155267722
2020-11-19,272774.59027789795
2020-11-20,271119.5457284543
2020-11-23,274647.05615225324
2020-11-24,280877.581137862
2020-11-25,279883.8886194382
2020-11-27,279844.1612628378
2020-11-30,276149.3767296661
2020-12-01,280006.71506633813
2020-12-02,282261.4226059233
2020-12-03,284063.2079469015
2020-12-04,287313.15773786156
2020-12-07,287259.7713752695
2020-12-08,288596.9651349939
2020-12-09,286951.72981553496
2020-12-10,287394.314205911
2020-12-11,291507.27045277285
2020-12-14,289133.94018718775
2020-12-15,292179.1086489903
2020-12-16,291441.6251664918
2020-12-17,292654.9094143396
2020-12-18,294474.6808618194
2020-12-21,290827.1578085602
2020-12-22,288793.73465885717
2020-12-23,290671.2858412021
2020-12-24,292012.9181759975
2020-12-28,296416.66858791345
2020-12-29,295138.3335277701
2020-12-30,297160.2703773943
2020-12-31,298381.04614921304
2021-01-04,293648.8646643192
2021-01-05,295501.7266721255
2021-01-06,298589.2702481327
2021-01-07,304147.8645159855
2021-01-08,307326.99242056796
2021-01-11,305272.5384533072
2021-01-12,307191.46096839226
2021-01-13,307925.9668594266
2021-01-14,308678.50038400653
2021-01-15,304883.64692881104
2021-01-19,307158.5278541293
2021-01-20,308790.03146419994
2021-01-21,307795.00200997957
2021-01-22,308500.5401647745
2021-01-25,310726.0636531656
2021-01-26,311990.4514971712
2021-01-27,307834.3333806674
2021-01-28,307848.2803764145
2021-01-29,299013.59960137284
2021-02-01,304076.2990586197
2021-02-02,306926.4138612578
2021-02-03,307921.71567217057
2021-02-04,311814.1512640415
2021-02-05,314465.48070513987
2021-02-08,317909.6145856577
2021-02-09,316973.0824998081
2021-02-10,314248.79121680773
2021-02-11,313900.2801608527
2021-02-12,315163.25640045915
2021-02-16,314082.21108431194
2021-02-17,312941.4288282492
2021-02-18,311620.9373585282
2021-02-19,310447.5319894758
2021-02-22,308996.60981291736
2021-02-23,307751.43700912304
2021-02-24,311146.20353658806
2021-02-25,309402.8308848054
2021-02-26,305578.47132230806
2021-03-01,307310.8522118391
2021-03-02,307274.34104301094
2021-03-03,310349.89642409317
2021-03-04,312139.8432120459
2021-03-05,308735.3933603554
2021-03-08,311758.9118716224
2021-03-09,307765.3476544591
2021-03-10,308897.8086432415
2021-03-11,306194.2088888521
2021-03-12,308093.3009345017
2021-03-15,306396.7224557594
2021-03-16,303784.59969513566
2021-03-17,303882.4098885093
2021-03-18,305704.20177482296
2021-03-19,302839.29228198086
2021-03-22,301244.8416404953
2021-03-23,299285.05178908294
2021-03-24,302657.55931890354
2021-03-25,305914.04462205153
2021-03-26,308641.26392018824
2021-03-29,306888.3006722329
2021-03-30,307251.83429347083
2021-03-31,304721.1260538909
2021-04-01,304904.93918978586
2021-04-05,306312.10834472324
2021-04-06,304912.65128506284
2021-04-07,306934.3214696831
2021-04-08,307895.7161742851
2021-04-09,309888.9380747952
2021-04-12,308675.3425617866
2021-04-13,308818.07886366
2021-04-14,307184.25138961006
2021-04-15,310049.5157802471
2021-04-16,312225.13700867794
2021-04-19,311111.21453725017
2021-04-20,307602.1016933948
2021-04-21,307178.9732834555
2021-04-22,303945.94400174206
2021-04-23,306825.34557815315
2021-04-26,305359.95503225113
2021-04-27,304752.5848934564
2021-04-28,304200.8442507758
2021-04-29,309109.88258765236
2021-04-30,306569.22442296764
2021-05-03,307544.64627453446
2021-05-04,304928.2412292263
2021-05-05,303878.5657025375
2021-05-06,306962.53295883426
2021-05-07,307597.75906301825
2021-05-10,304165.8645343481
2021-05-11,297550.241774081
2021-05-12,294724.5421189452
2021-05-13,297723.5519827796
2021-05-14,299419.73480730894
2021-05-17,299785.5481943909
2021-05-18,298362.2140826591
2021-05-19,298099.26336737146
2021-05-20,298651.97074227885
2021-05-21,299160.0145506386
2021-05-24,300558.24490395223
2021-05-25,300498.850721152
2021-05-26,300047.3507699831
2021-05-27,300481.00582949433
2021-05-28,300826.095090048
2021-06-01,300253.72539203585
2021-06-02,301744.04922127014
2021-06-03,302687.49652696383
2021-06-04,304116.7216153653
2021-06-07,303939.7218028895
2021-06-08,302247.20842337573
2021-06-09,301192.9244413983
2021-06-10,301738.8676054854
2021-06-11,302558.90057743224
2021-06-14,303373.38748097804
2021-06-15,302595.33248836023
2021-06-16,300087.304524382
2021-06-17,303547.14217473957
2021-06-18,301396.8653617338
2021-06-21,302180.96574434114
2021-06-22,304189.68986073113
2021-06-23,303822.5187680096
2021-06-24,305089.11434257857
2021-06-25,304281.3650002973
2021-06-28,309418.8858067563
2021-06-29,309876.1752928847
2021-06-30,308794.163596454
2021-07-01,310299.3361310441
2021-07-02,314235.62816642947
2021-07-06,315952.6384313918
2021-07-07,317133.2617711015
2021-07-08,313934.4589872501
2021-07-09,315438.27120446827
2021-07-12,315392.8928698465
2021-07-13,316783.7104390553
2021-07-14,317425.45653094305
2021-07-15,313672.50260913215
2021-07-16,310696.0291612105
2021-07-19,308436.7168932186
2021-07-20,311434.8785945624
2021-07-21,313973.06174624746
2021-07-22,317632.29291843844
2021-07-23,321440.84773784375
2021-07-26,320819.1368087789
2021-07-27,318320.4218424332
2021-07-28,318859.3306813033
2021-07-29,317941.26625259535
2021-07-30,317120.84188799857
2021-08-02,316701.4602424468
2021-08-03,317933.48199289397
2021-08-04,319807.3631603392
2021-08-05,322444.32830086513
2021-08-06,320920.875199147
2021-08-09,320711.5458967118
2021-08-10,318467.6056010115
2021-08-11,318394.65957712627
2021-08-12,322485.2852690518
2021-08-13,323949.3785728173
2021-08-16,323839.38352943177
2021-08-17,320157.84529606835
2021-08-18,317093.3914023917
2021-08-19,320417.81749904586
2021-08-20,326479.9774849658
2021-08-23,331877.236237649
2021-08-24,331407.03034624166
2021-08-25,331917.82577707845
2021-08-26,329322.017412599
2021-08-27,332986.54042666696
2021-08-30,338396.8700675166
2021-08-31,336681.3067075893
2021-09-01,337512.1946110984
2021-09-02,336847.9973008149
2021-09-03,338355.4579767834
2021-09-07,339875.6144619939
2021-09-08,338215.729536426
2021-09-09,336690.7483633849
2021-09-10,333660.25384481496
2021-09-13,332394.49935040844
2021-09-14,332623.02212477254
2021-09-15,336009.59521348256
2021-09-16,336108.22115926107
2021-09-17,331187.2255075233
2021-09-20,322852.61274602095
2021-09-21,323503.3143227518
2021-09-22,325404.74384172045
2021-09-23,326544.4623842784
2021-09-24,327949.7745749674
2021-09-27,326703.67156424775
2021-09-28,320677.5406099535
2021-09-29,320617.06110066397
2021-09-30,318712.37629412394
2021-10-01,319864.7932831792
2021-10-04,320026.47362302244
2021-10-05,320745.61263457243
2021-10-06,319912.8979528337
2021-10-07,319947.60617424425
2021-10-08,320209.7533165039
2021-10-11,319211.0274930635
2021-10-12,320604.24722329434
2021-10-13,319674.67292104504
2021-10-14,322181.6034412688
2021-10-15,325222.8076103867
2021-10-18,327653.12230253103
2021-10-19,327952.2725391149
2021-10-20,328682.7721933311
2021-10-21,329876.136494536
2021-10-22,332261.59408927953
2021-10-25,338812.7710810639
2021-10-26,338650.0155283187
2021-10-27,337239.6064532284
2021-10-28,341123.7993623294
2021-10-29,344059.33211741055
2021-11-01,347810.1672361017
2021-11-02,345857.0716455579
2021-11-03,348045.8263931944
2021-11-04,348495.12391859817
2021-11-05,346077.8969790292
2021-11-08,345378.25898266037
2021-11-09,340185.4954973335
2021-11-10,338138.26101012545
2021-11-11,339235.2231882541
2021-11-12,340742.71657037066
2021-11-15,339458.62996877916
2021-11-16,346048.3175980916
2021-11-17,347881.36092583556
2021-11-18,348106.7642419414
2021-11-19,348384.6193885632
2021-11-22,347451.07326917833
2021-11-23,345756.3602257135
2021-11-24,345620.85833199264
2021-11-26,344530.1543669907
2021-11-29,348587.80905463325
2021-11-30,345542.50048029
2021-12-01,345591.7308240278
2021-12-02,344147.1727078475
2021-12-03,342144.43747586024
2021-12-06,338974.69958455465
2021-12-07,337165.4125721913
2021-12-08,335560.9725508125
2021-12-09,335552.9550064018
2021-12-10,337904.4437203336
2021-12-13,336528.9536096389
2021-12-14,336076.7078134282
2021-12-15,339309.4960162724
2021-12-16,337423.74134904734
2021-12-17,333100.68202473526
2021-12-20,333679.27256816416
2021-12-21,331890.03698377317
2021-12-22,333029.064322178
2021-12-23,333244.429252855
2021-12-27,335774.40784409054
2021-12-28,335873.80874890083
2021-12-29,337155.6925632033
2021-12-30,335737.2004330107
2021-12-31,336852.2440930485
2022-01-03,335085.6336532509
2022-01-04,334365.3932429798
2022-01-05,334827.63371128705
2022-01-06,335565.90680978005
2022-01-07,336056.10427755077
2022-01-10,335462.2421626401
2022-01-11,337213.4230721084
2022-01-12,337027.0547655602
2022-01-13,336287.25683612505
2022-01-14,338954.7318025492
2022-01-18,335624.8245785063
2022-01-19,334642.69035396015
2022-01-20,336208.8713640778
2022-01-21,345737.44123636396
2022-01-24,341424.7478139484
2022-01-25,346413.9691554697
2022-01-26,347415.0472019063
2022-01-27,346181.0136990708
2022-01-28,343928.7852801177
2022-01-31,336877.91728515405
2022-02-01,336453.22430959577
2022-02-02,340935.7995800779
2022-02-03,348445.22180606745
2022-02-04,340696.218079585
2022-02-07,343584.2148420909
2022-02-08,340845.88530418696
2022-02-09,335890.17090235866
2022-02-10,337878.1799963398
2022-02-11,343376.9122465954
2022-02-14,342756.0413371133
2022-02-15,338803.32436757826
2022-02-16,339977.25323439384
2022-02-17,347552.19472122064
2022-02-18,348850.651256136
2022-02-22,350332.11095315753
2022-02-23,355572.35820556234
2022-02-24,346350.0856064678
2022-02-25,347540.79039891687
2022-02-28,348513.16750004166
2022-03-01,351929.77760109626
2022-03-02,351132.5813581953
2022-03-03,356043.5915185438
2022-03-04,361537.1163138578
2022-03-07,369609.1093676878
2022-03-08,370309.55276025395
2022-03-09,357882.3755854338
2022-03-10,359962.37606649083
2022-03-11,365045.4358368416
2022-03-14,363461.3167242042
2022-03-15,352144.89030259347
2022-03-16,342994.6967971331
2022-03-17,339759.86788829614
2022-03-18,334712.90805076243
2022-03-21,339711.0758557774
2022-03-22,336229.03909846046
2022-03-23,342832.66113105684
2022-03-24,341973.64177874883
2022-03-25,343483.45318959455
2022-03-28,340063.22402393876
2022-03-29,336040.97425483196
2022-03-30,338087.0110578542
2022-03-31,337088.545066362
2022-04-01,337286.29715127416
2022-04-04,337819.18046324246
2022-04-05,334575.6189772289
2022-04-06,333883.8777709338
2022-04-07,334516.42050517316
2022-04-08,332325.40588158305
2022-04-11,327629.6811865524
2022-04-12,330711.5901722716
2022-04-13,333552.3040291286
2022-04-14,334043.9882844583
2022-04-18,332732.2750596759
2022-04-19,332474.82644218206
2022-04-20,331773.8372195782
2022-04-21,332216.4852586858
2022-04-22,332719.0674950693
2022-04-25,328568.86217316776
2022-04-26,332150.4233063513
2022-04-27,333437.2401717529
2022-04-28,329454.3596373839
2022-04-29,333620.3321813625
2022-05-02,328605.76351011364
2022-05-03,327369.4850292942
2022-05-04,324192.2663910844
2022-05-05,329951.43788063485
2022-05-06,333027.5244438502
2022-05-09,334124.161672511
2022-05-10,332565.0537251536
2022-05-11,338682.8578098647
2022-05-12,337724.17176983255
2022-05-13,331320.32837762544
2022-05-16,334340.3392750006
2022-05-17,328099.60989345965
2022-05-18,334743.54423921276
2022-05-19,341868.8142661074
2022-05-20,340920.3697267153
2022-05-23,337024.9018150645
2022-05-24,340358.80758402316
2022-05-25,337584.695466652
2022-05-26,331900.3093855694
2022-05-27,325524.95667489135
2022-05-31,325150.89023050695
2022-06-01,324526.07774410344
2022-06-02,318119.3913137896
2022-06-03,322561.3505838436
2022-06-06,321091.71411932935
2022-06-07,322813.84757060785
2022-06-08,324311.3337287855
2022-06-09,325016.9431931989
2022-06-10,327786.1766677768
2022-06-13,328981.3305846342
2022-06-14,331351.7215199432
2022-06-15,327196.4307178736
2022-06-16,331882.694287862
2022-06-17,329690.1900399478
2022-06-21,325166.12378737686
2022-06-22,325385.0505159573
2022-06-23,321826.1404106159
2022-06-24,312854.0908535528
2022-06-27,315040.02385634015
2022-06-28,322872.1394459367
2022-06-29,321269.09082983935
2022-06-30,323723.93483453715
2022-07-01,320554.0778302697
2022-07-05,317804.78378789313
2022-07-06,316058.6850544398
2022-07-07,311479.04101904447
2022-07-08,312032.8732830367
2022-07-11,315934.1491186285
2022-07-12,318190.7103564759
2022-07-13,318392.9714441846
2022-07-14,320355.40924906405
2022-07-15,315057.14334788045
2022-07-18,316546.78488121904
2022-07-19,310665.936465983
2022-07-20,310459.67292859877
2022-07-21,309412.72650181263
2022-07-22,309430.9150090819
2022-07-25,309177.1814961471
2022-07-26,310496.55390664155
2022-07-27,307353.46330003033
2022-07-28,307171.82289468445
2022-07-29,306653.2988403264
2022-08-01,306750.9483723848
2022-08-02,305868.90489682887
2022-08-03,307797.24075601413
2022-08-04,307399.6505981026
2022-08-05,306903.72132790677
2022-08-08,306553.91628170136
2022-08-09,306782.8080912012
2022-08-10,308310.2146058458
2022-08-11,307828.28934215393
2022-08-12,310244.0776558772
2022-08-15,310871.6539616841
2022-08-16,310642.14557711146
2022-08-17,310973.6483440924
2022-08-18,311230.87196344754
2022-08-19,309594.1464585344
2022-08-22,308278.7737124924
2022-08-23,308703.4944524525
2022-08-24,309274.10606394324
2022-08-25,309316.7556879899
2022-08-26,307397.99264412076
2022-08-29,307135.9443824472
2022-08-30,306111.82226534985
2022-08-31,306510.34248370107
2022-09-01,305241.9407840576
2022-09-02,306672.38309484953
2022-09-06,307024.79192539724
2022-09-07,306169.24173816486
2022-09-08,304809.6993923639
2022-09-09,303356.184989144
2022-09-12,302774.59100004425
2022-09-13,307082.96945184673
2022-09-14,305603.71554270934
2022-09-15,307613.50538902014
2022-09-16,306911.04598688055
2022-09-19,306462.8339027006
2022-09-20,309298.6176239899
2022-09-21,312689.5232971099
2022-09-22,311518.9709137657
2022-09-23,314355.7730131175
2022-09-26,317963.3770635108
2022-09-27,319290.50507945946
2022-09-28,314283.90411263553
2022-09-29,318596.6318661953
2022-09-30,322380.41607071203
2022-10-03,314475.5908066256
2022-10-04,305845.9231267206
2022-10-05,306258.276971148
2022-10-06,309393.4367227909
2022-10-07,318535.0631590535
2022-10-10,321659.50745207357
2022-10-11,325807.21469493123
2022-10-12,324964.9950173776
2022-10-13,316029.4700539837
2022-10-14,320719.39118307416
2022-10-17,312348.91215349175
2022-10-18,308009.94892188365
2022-10-19,308179.2135088083
2022-10-20,309044.01498359314
2022-10-21,306363.07314750727
2022-10-24,303309.74992534646
2022-10-25,298446.1675037952
2022-10-26,301257.78649956046
2022-10-27,304813.3108444809
2022-10-28,305389.04886095657
2022-10-31,306558.4908197145
2022-11-01,308646.0946045789
2022-11-02,308562.2955791101
2022-11-03,310604.9737799747
2022-11-04,310525.5860808403
2022-11-07,310558.5806766609
2022-11-08,311821.6196596695
2022-11-09,310052.520127053
2022-11-10,306419.4381832029
2022-11-11,303781.4047073036
2022-11-14,305523.42909550545
2022-11-15,304988.3089634201
2022-11-16,306397.7007298569
2022-11-17,307611.1129329122
2022-11-18,308522.63204713276
2022-11-21,311178.06499750033
2022-11-22,312263.8000149728
2022-11-23,311215.6521068727
2022-11-25,311110.5432589705
2022-11-28,309639.67999338446
2022-11-29,310321.4029056554
2022-11-30,309683.76923499827
2022-12-01,310551.01178824686
2022-12-02,310150.5272713364
2022-12-05,307864.4563364209
2022-12-06,306009.6943818411
2022-12-07,307136.1388833673
2022-12-08,308664.6384266023
2022-12-09,307605.0980283569
2022-12-12,309923.80186656886
2022-12-13,310802.8378113054
2022-12-14,310325.9040211793
2022-12-15,304740.0379700497
2022-12-16,304343.88069497794
2022-12-19,304055.19950834184
2022-12-20,303967.0223529471
2022-12-21,305059.08916067675
2022-12-22,305793.4651624034
2022-12-23,305613.5955764882
2022-12-27,307298.1229053342
2022-12-28,307869.67746455147
2022-12-29,304777.6534858139
2022-12-30,304028.543136755
2023-01-03,304769.29207296943
2023-01-04,303210.3442971469
2023-01-05,304205.4516993987
2023-01-06,301681.31632685807
2023-01-09,298148.4012152459
2023-01-10,297689.25885105133
2023-01-11,295548.95124701696
2023-01-12,295120.23946255184
2023-01-13,296468.2739231084
2023-01-17,294661.4104431405
2023-01-18,292095.8122652301
2023-01-19,291753.7363687583
2023-01-20,291934.91906445613
2023-01-23,293555.97138162947
2023-01-24,294437.53696432477
2023-01-25,294900.98057960975
2023-01-26,296091.83765938703
2023-01-27,297921.21903779294
2023-01-30,293612.4869727727
2023-01-31,295286.8236394788
2023-02-01,297358.4363880029
2023-02-02,298713.8312306275
2023-02-03,298544.03671718243
2023-02-06,297122.5898478569
2023-02-07,301349.57008189335
2023-02-08,300907.4530033823
2023-02-09,298960.1661581306
2023-02-10,295932.77038893854
2023-02-13,297636.4757650697
2023-02-14,299092.86508124036
2023-02-15,299466.93057300936
2023-02-16,295310.9356542045
2023-02-17,291087.7488026053
2023-02-21,287749.0435444094
2023-02-22,287057.87092749286
2023-02-23,290910.0223592057
2023-02-24,291874.5009141969
2023-02-27,292691.82389582973
2023-02-28,293264.4719544403
2023-03-01,293599.8785529437
2023-03-02,292913.1904966368
2023-03-03,292680.5610404148
2023-03-06,291037.3159121676
2023-03-07,289903.813379154
2023-03-08,289936.06314112403
2023-03-09,289685.3639817314
2023-03-10,288798.71165330743
2023-03-13,288255.75038327585
2023-03-14,288625.53973273135
2023-03-15,288374.43186846055
2023-03-16,289517.8219630498
2023-03-17,288697.92127687926
2023-03-20,287550.29477172275
2023-03-21,289228.88442043547
2023-03-22,290459.7555023489
2023-03-23,292854.7828035426
2023-03-24,292885.15018904087
2023-03-27,290972.43790067645
2023-03-28,290791.69236148254
2023-03-29,292887.8805340568
2023-03-30,294132.9764497996
2023-03-31,295401.01790895837
2023-04-03,294742.91760390135
2023-04-04,294224.16652841674
2023-04-05,291800.83495315677
2023-04-06,292767.4254131358
2023-04-10,291891.0395646462
2023-04-11,288351.6430391497
2023-04-12,286922.0319216285
2023-04-13,292550.7517791197
2023-04-14,292785.50125517923
2023-04-17,292287.0197833365
2023-04-18,293042.26251438964
2023-04-19,291829.2112128689
2023-04-20,290211.5718876598
2023-04-21,290140.3918389941
2023-04-24,288857.2054036216
2023-04-25,284188.1551519252
2023-04-26,287977.05166152015
2023-04-27,297305.71710714995
2023-04-28,299691.82199645165
2023-05-01,301240.370491975
2023-05-02,297853.30869756616
2023-05-03,296070.26489254937
2023-05-04,294754.1245307902
2023-05-05,300401.0016307132
2023-05-08,301465.952842064
2023-05-09,300081.7383431239
2023-05-10,303953.31474464457
2023-05-11,305403.5897287174
2023-05-12,304648.11132547766
2023-05-15,305853.39389093535
2023-05-16,307086.20755551686
2023-05-17,310688.5646319145
2023-05-18,316723.8251166345
2023-05-19,314826.8961654755
2023-05-22,315597.2530628476
2023-05-23,311685.659175078
2023-05-24,312208.73786779214
2023-05-25,324327.26149158634
2023-05-26,331604.69081080373
2023-05-30,334216.25446177856
2023-05-31,331561.8386070653
2023-06-01,335392.3228403021
2023-06-02,336307.9072067444
2023-06-05,335844.32513400057
2023-06-06,336203.2618588462
2023-06-07,327090.3879966368
2023-06-08,331100.47412956756
2023-06-09,332669.11431747663
2023-06-12,337073.82659233536
2023-06-13,338407.5828409394
2023-06-14,341672.3577026272
2023-06-15,345714.01409578626
2023-06-16,343447.49007557007
2023-06-20,345668.1376800729
2023-06-21,340831.8287530687
2023-06-22,345144.7506774352
2023-06-23,343054.47797751793
2023-06-26,337193.89875416784
2023-06-27,343482.49951547035
2023-06-28,341967.0292071687
2023-06-29,340595.7071839211
2023-06-30,346651.6142930607
2023-07-03,345798.45274397486
2023-07-05,347215.31761428085
2023-07-06,344071.67293092737
2023-07-07,344001.9118894256
2023-07-10,344029.9634688044
2023-07-11,347676.1289693899
2023-07-12,354808.5088554275
2023-07-13,360082.430893797
2023-07-14,359516.0866381025
2023-07-17,361214.7466531762
2023-07-18,364389.1144387306
2023-07-19,366850.5537301446
2023-07-20,358288.32090612606
2023-07-21,355139.5677955599
2023-07-24,355598.76822156686
2023-07-25,358559.64106085646
2023-07-26,357705.46204064204
2023-07-27,358762.7384023505
2023-07-28,365251.61381593766
2023-07-31,364924.59101790225
2023-08-01,363925.27285797626
2023-08-02,355254.2275644771
2023-08-03,354566.86140185327
2023-08-04,355533.03176318586
2023-08-07,358963.8361315714
2023-08-08,355860.886003075
2023-08-09,351845.52743316424
2023-08-10,352319.03349018475
2023-08-11,352908.6576206853
2023-08-14,354082.113829188
2023-08-15,351475.2164396039
2023-08-16,348760.5822191356
2023-08-17,347463.27151272737
2023-08-18,348633.616081108
2023-08-21,348717.1060460729
2023-08-22,348639.44700962165
2023-08-23,348280.6733249132
2023-08-24,346078.28877438174
2023-08-25,347025.59179586795
2023-08-28,347252.56864942866
2023-08-29,348210.01071527594
2023-08-30,349527.81495201436
2023-08-31,352583.9759013968
2023-09-01,356622.75527503307
2023-09-05,356398.0903934832
2023-09-06,355590.93550212134
2023-09-07,355547.27632476244
2023-09-08,356183.49139080313
2023-09-11,355784.36250100646
2023-09-12,355261.3924636041
2023-09-13,355837.3958414347
2023-09-14,356020.43719811237
2023-09-15,352258.76120008307
2023-09-18,353361.2812744465
2023-09-19,354027.2684870212
2023-09-20,350376.9376813601
2023-09-21,343937.04479263106
2023-09-22,345182.27844207373
2023-09-25,347037.88921908266
2023-09-26,347509.17584781366
2023-09-27,351344.30985808565
2023-09-28,351009.7688527459
2023-09-29,349530.24557655805
2023-10-02,349136.3412928905
2023-10-03,351797.55591665476
2023-10-04,349829.0517244336
2023-10-05,356811.4690782796
2023-10-06,354035.8015199299
2023-10-09,352507.3092242768
2023-10-10,348114.21200030355
2023-10-11,350437.98061091197
2023-10-12,354729.03917051177
2023-10-13,353462.2240862576
2023-10-16,348876.66057255946
2023-10-17,349170.8215448094
2023-10-18,349067.9552565658
2023-10-19,344115.0117222073
2023-10-20,343953.1762440538
2023-10-23,345507.7465670754
2023-10-24,342442.43010801525
2023-10-25,341958.24004009954
2023-10-26,344107.36618839507
2023-10-27,346187.2916269756
2023-10-30,341930.4051670921
2023-10-31,339136.6830909083
2023-11-01,335559.1893370225
2023-11-02,328834.38632227527
2023-11-03,327720.26937215845
2023-11-06,328445.1303958407
2023-11-07,327994.53396614315
2023-11-08,328402.3163718316
2023-11-09,331979.0791371209
2023-11-10,333101.88166578475
2023-11-13,331395.93523998786
2023-11-14,328467.8701901308
2023-11-15,326912.80294224113
2023-11-16,328794.4450002646
2023-11-17,326852.19997075567
2023-11-20,329397.8523738461
2023-11-21,327018.1470853287
2023-11-22,329684.53612318856
2023-11-24,329002.9344479691
2023-11-27,328471.19890409044
2023-11-28,328762.6519905561
2023-11-29,327239.19987197465
2023-11-30,326271.7771903008
2023-12-01,325703.16389053996
2023-12-04,323052.90422561305
2023-12-05,324777.9405993382
2023-12-06,324217.90006037924
2023-12-07,328050.26954445237
2023-12-08,329797.02335586987
2023-12-11,328316.8605963356
2023-12-12,331138.3784445472
2023-12-13,332160.6869075382
2023-12-14,328063.9107705653
2023-12-15,329275.4638161267
2023-12-18,328959.1485176134
2023-12-19,330330.7559403516
2023-12-20,327810.423835729
2023-12-21,329043.5260018366
2023-12-22,328070.46155688673
2023-12-26,328071.4152417644
2023-12-27,328160.0490481467
2023-12-28,328987.6024757832
2023-12-29,328080.8198415065
2024-01-02,323366.54286315
2024-01-03,321695.0296803131
2024-01-04,321141.5491340854
2024-01-05,323033.1861735274
2024-01-08,326089.56770984706
2024-01-09,324841.998243468
2024-01-10,330592.31919602584
2024-01-11,330820.3658978585
2024-01-12,331283.9494513077
2024-01-16,330839.94345337147
2024-01-17,330063.23614032986
2024-01-18,332958.010767795
2024-01-19,337999.3436011033
2024-01-22,336598.54235083953
2024-01-23,336463.18610006437
2024-01-24,338309.6459923797
2024-01-25,340856.5189749898
2024-01-26,340682.1879427077
2024-01-29,345453.20087534864
2024-01-30,345527.42021716485
2024-01-31,340014.36766047525
2024-02-01,345242.88194356166
2024-02-02,358119.8848867725
2024-02-05,356847.46234935895
2024-02-06,355383.1708752067
2024-02-07,362126.50995186134
2024-02-08,361189.4663571812
2024-02-09,364152.1745111719
2024-02-12,363371.5018993766
2024-02-13,359293.9677876388
2024-02-14,365413.3685785897
2024-02-15,367827.7852636951
2024-02-16,364972.67328973906
2024-02-20,360600.35876894515
2024-02-21,359101.2618969461
2024-02-22,375771.3041364813
2024-02-23,375227.6005357333
2024-02-26,375126.8797019872
2024-02-27,377066.4200479024
2024-02-28,376497.6903672974
2024-02-29,379610.59641094133
2024-03-01,386036.278676384
2024-03-04,386071.343561007
2024-03-05,381812.28452047956
2024-03-06,385049.28633505845
2024-03-07,391381.70031655056
2024-03-08,385666.70891550265
2024-03-11,380715.0267034673
2024-03-12,391382.0765486791
2024-03-13,391040.60980634537
2024-03-14,389663.9722204394
2024-03-15,385513.5971894919
2024-03-18,388974.15450254484
2024-03-19,392407.4915988716
2024-03-20,396873.4757118373
2024-03-21,400528.2204398204
2024-03-22,400624.68551892426
2024-03-25,397654.70477585384
2024-03-26,393971.2962966455
2024-03-27,391368.2638878226
2024-03-28,389409.106816671
2024-04-01,387893.42981069436
2024-04-02,388233.22886389884
2024-04-03,387535.1352202796
2024-04-04,382926.552437449
2024-04-05,390009.14372308843
2024-04-08,386970.3216310899
2024-04-09,383691.48900005035
2024-04-10,384183.56248935
2024-04-11,388034.8159140834
2024-04-12,383571.52819499245
2024-04-15,377598.4459097267
2024-04-16,379796.11086913367
2024-04-17,378421.6323589224
2024-04-18,378975.6894159663
2024-04-19,371400.3254347021
2024-04-22,372393.05066711263
2024-04-23,370020.68822097045
2024-04-24,365370.89036668284
2024-04-25,363570.38895689225
2024-04-26,370138.96263779764
2024-04-29,362544.31643948785
2024-04-30,363024.7189615947
2024-05-01,359415.1347105695
2024-05-02,360585.9729258305
2024-05-03,359961.34167771606
2024-05-06,360175.35377672745
2024-05-07,361361.1600761684
2024-05-08,359692.93288447964
2024-05-09,359816.6165843221
2024-05-10,359317.6116363461
2024-05-13,358261.67440989055
2024-05-14,357057.35322880454
2024-05-15,357780.31264601176
2024-05-16,360248.98077942844
2024-05-17,361091.83967675734
2024-05-20,357263.26685789344
2024-05-21,360145.6866457959
2024-05-22,359185.6382322963
2024-05-23,354110.3128304118
2024-05-24,356406.81617821194
2024-05-28,354314.3713818462
2024-05-29,353791.47406835726
2024-05-30,351742.6351468346
2024-05-31,352797.65716474527
2024-06-03,355310.07811631256
2024-06-04,353026.68863937934
2024-06-05,356688.4125636612
2024-06-06,355621.8262843264
2024-06-07,356460.3097506595
2024-06-10,356192.3043698167
2024-06-11,359447.13459261914
2024-06-12,363642.4525133561
2024-06-13,364617.1958104417
2024-06-14,357929.63174391165
2024-06-17,359690.10521526035
2024-06-18,359823.93617119733
2024-06-20,355646.24546741147
2024-06-21,354617.69088486076
2024-06-24,350784.4019503547
2024-06-25,355444.6511484465
2024-06-26,358072.3006270438
2024-06-27,357831.5864033656
2024-06-28,353027.4778109876
2024-07-01,357016.6358331015
2024-07-02,360474.5132202769
2024-07-03,362536.7753058708
2024-07-05,367229.8728027922
2024-07-08,366988.1993349712
2024-07-09,367443.4823625613
2024-07-10,370125.5685316944
2024-07-11,360006.0573278682
2024-07-12,360890.2394975471
2024-07-15,363214.2554497418
2024-07-16,361875.98424037284
2024-07-17,354337.2445880363
2024-07-18,349216.4128658782
2024-07-19,347971.5608931222
2024-07-22,349484.4707682642
2024-07-23,347677.52986858855
2024-07-24,341558.81784642965
2024-07-25,343698.1043007985
2024-07-26,345752.79107185843
2024-07-29,343378.9691693788
2024-07-30,344269.01632983296
2024-07-31,345683.06894534203
2024-08-01,344115.02668708016
2024-08-02,346991.3753162633
2024-08-05,335761.8666136531
2024-08-06,333127.99853175686
2024-08-07,336047.5428497226
2024-08-08,335841.42662013293
2024-08-09,335210.55909536313
2024-08-12,334466.3032936508
2024-08-13,332830.0288402207
2024-08-14,331835.5371755356
2024-08-15,330025.8435434438
2024-08-16,330662.202330798
2024-08-19,329246.35028755566
2024-08-20,330205.8505654492
2024-08-21,330398.2045450557
2024-08-22,331556.1213235764
2024-08-23,332131.1763130287
2024-08-26,333110.0543611002
2024-08-27,334560.51529077924
2024-08-28,335788.20674281946
2024-08-29,336274.0916996754
2024-08-30,337161.52851778234
2024-09-03,338362.43483247084
2024-09-04,338253.09179833555
2024-09-05,336462.2284894572
2024-09-06,336268.80102473253
2024-09-09,338896.449240421
2024-09-10,337837.3324562393
2024-09-11,335045.23942825786
2024-09-12,333391.43096082343
2024-09-13,333540.95290973154
2024-09-16,333840.38247693406
2024-09-17,334057.27866557747
2024-09-18,332555.1001535657
2024-09-19,331986.19513780496
2024-09-20,332050.1015319068
2024-09-23,332084.2605732455
2024-09-24,333927.7003204608
2024-09-25,333596.14612467267
2024-09-26,333039.7925487397
2024-09-27,333965.17670072
2024-09-30,334788.06662456034
2024-10-01,333982.70784387685
2024-10-02,335654.6327496123
2024-10-03,334938.0278725949
2024-10-04,336135.47240757104
2024-10-07,333065.49149176857
2024-10-08,335857.89719810156
2024-10-09,336750.10513970815
2024-10-10,336241.8270087403
2024-10-11,337314.4747071004
2024-10-14,338085.4563103569
2024-10-15,334955.01580804086
2024-10-16,337756.5708753471
2024-10-17,336803.91658055945
2024-10-18,337266.3302374123
2024-10-21,335744.75061554974
2024-10-22,334954.5524888457
2024-10-23,331026.42167627334
2024-10-24,331666.6933463752
2024-10-25,331309.1816790587
2024-10-28,329852.62522170716
2024-10-29,329688.2555965155
2024-10-30,326395.78249706834
2024-10-31,322917.0852555764
2024-11-01,323898.29148257355
2024-11-04,323549.40060046565
2024-11-05,325754.8218127985
2024-11-06,336046.2771750513
2024-11-07,340990.3263356076
2024-11-08,344525.50167970714
2024-11-11,351266.32831938984
2024-11-12,349583.5825375144
2024-11-13,351468.67785974964
2024-11-14,345240.5143740286
2024-11-15,340855.18337031326
2024-11-18,343923.24012453866
2024-11-19,347378.2767147537
2024-11-20,347668.402072332
2024-11-21,346470.7766881066
2024-11-22,348865.04751439305
2024-11-25,347200.16587905464
2024-11-26,351186.0177535685
2024-11-27,347975.5009390026
2024-11-29,350054.9292742443
2024-12-02,353698.84975544224
2024-12-03,354114.6799521965
2024-12-04,363331.4506791368
2024-12-05,364357.94549449487
2024-12-06,369331.61044297984
2024-12-09,365343.87793034414
2024-12-10,368315.060768721
2024-12-11,377027.4229818022
2024-12-12,375258.1984955736
2024-12-13,375432.9256668846
2024-12-16,381934.4473970477
2024-12-17,382402.934665795
2024-12-18,369970.82852408476
2024-12-19,371254.55502340035
2024-12-20,372917.3096505268
2024-12-23,375447.3445231427
2024-12-24,382359.1993421351
2024-12-26,380020.3505157062
2024-12-27,374547.33294598496
2024-12-30,370813.44036690384
